Titular,Cuerpo,Fecha_Publicada,N_Parrafos
 El ministro israelí de Exteriores sobre una tregua en Líbano Hay avances y estamos listos , Jerusalén nov EFE El nuevo ministro israelí de Exteriores Guideon Saar afirmó este lunes que hay avances en las negociaciones de las últimas semanas para un alto el fuego en Líbano con la mediación de EE UU y que Israel está listo para llegar a ese punto Estamos trabajando con los estadounidenses en ello Hay avances y estamos listos para progresar en esas negociaciones aseveró Guideon Saar que asumió como jefe de la diplomacia israelí el pasado viernes en sustitución de Israel Katz Saar aclaró que para avanzar en esas conversaciones que de momento se han llevado a cabo de forma indirecta Israel necesita garantías de que Hizbulá no estará más en nuestra frontera norte hasta el río Litani y que no podrá armarse de nuevo tras la implementación del acuerdo La prensa hebrea publicó hoy que el ministro de Asuntos Estratégicos Ron Dermer del círculo de confianza de Netanyahu visitó Rusia en secreto la semana pasada como parte de los esfuerzos para alcanzar un alto el fuego en Líbano donde Israel emprendió una ofensiva terrestre el de octubre tras días de intensos bombardeos que escalaron el conflicto tras once meses de cruce de fuego con Hizbulá Dermer viajó después a Washington según la radio oficial del Ejército israelí Sobre este asunto Saar dijo no poder entrar en detalles específicos pero sí subrayó que es importante que Rusia esté presente en cualquier acuerdo relativo a Líbano debido a la influencia que la potencia tiene en Siria principal vía de entrada del armamento que Hizbulá recibe directamente desde Irán El contrabando de armas al Líbano principalmente desde Siria es inaceptable Lo hemos dejado claro a todas las partes implicadas también a los sirios insistió Saar Sobre Hizbulá el nuevo titular de Exteriores consideró que la milicia aún no ha sido derrotada pero sí que sus capacidades militares se han reducido significativamente al haber perdido gran parte de su arsenal de misiles y cohetes además de la muerte de muchos de sus comandantes incluido su histórico líder Hasán Nasralá Creo que la comunidad internacional puede hacer mucho para que el Líbano deje de ser un satélite de Irán Líbano pertenece a los libaneses no a Irán Y para que Hizbulá no sea más un enemigo cerca de nuestra frontera subrayó el ministro En las últimas semanas se han intensificado los rumores sobre un posible alto el fuego en Líbano y el mediador estadounidense designado por la administración Biden Amos Hochstein viajó la semana pasada a Israel y está previsto que esta lo haga a Líbano para abordar las impresiones de las partes sobre el borrador de acuerdo planteado por EEUU Cierra un acuerdo sobre Líbano le instó el presidente electo de EE UU Donald Trump en una conversación con Hoschstein hace dos días El primer ministro libanés Najib Mikati acusó la pasada semana al Gobierno de Israel de obstaculizar todas las propuestas para alcanzar una tregua con Líbano donde ya han muerto más de personas en un año de hostilidades la mayoría en el último mes y medio de escalada del conflicto Israel asegura haber matado al menos milicianos de Hizbulá desde entonces EFE sga ig foto ,11 de noviembre de 2024,14
 Ministro israelí de Exteriores sobre tregua en Líbano Hay avances y estamos listos , Jerusalén nov EFE El ministro israelí de Exteriores Guideon Saar afirmó este lunes que hay avances en las negociaciones de las últimas semanas para un alto el fuego en Líbano con la mediación de EEUU y que Israel está listo para llegar a ese punto Estamos trabajando con los estadounidenses en ello Hay avances apuntó Saar quien aclaró que esas conversaciones de momento se han llevado a cabo de forma indirecta y que Israel necesita garantías de que Hizbulá no estará más en nuestra frontera norte hasta el río Litani y que no podrá armarse de nuevo ,11 de noviembre de 2024,2
 Al menos cinco muertos en el este del Líbano tras un ataque israelí , Jerusalén nov EFE Al menos cinco personas murieron tras un ataque israelí en la región de Baalbek Hermel en el este del Líbano informaron este lunes medios de comunicación y el Ministerio de Salud Pública del país un día después de que más de medio centenar de personas fallecieran en otra serie de ataques al país La agencia nacional de noticias libanesa NNA afirmó que cinco personas murieron en el distrito de Hermel como resultado de la operación israelí elevando así el balance de víctimas aportado anteriormente por el Ministerio de Salud Pública que además precisó que otras dos personas resultaron heridas Esta última operación llega un día después de que al menos personas murieran más de la mitad en el sur del Líbano y otras resultaran heridas por los ataques israelíes contra el país mediterráneo informó el Ministerio de Salud Pública libanés El grupo libanés chií Hizbulá reivindicó el pasado fin de semana un total de ataques con proyectiles y drones contra ciudades y asentamientos en el norte de Israel y aseguró que aún tiene suficientes misiles y aviones no tripulados para continuar la guerra Sin embargo el ministro israelí de Defensa Israel Katz aseguró el domingo que el grupo chií Hizbulá ha sido derrotado después de que Israel descabezara a su dirección Según el último recuento de las autoridades desde octubre de han muerto en el Líbano alrededor de personas si bien la gran mayoría de las víctimas son posteriores a finales de septiembre cuando Israel comenzó una campaña de bombardeos indiscriminados y más tarde una invasión terrestre ,11 de noviembre de 2024,6
 Primer ministro libanés pide a comunidad internacional que ayude al Líbano a lograr tregua , Riad nov EFE El primer ministro del Líbano Najib Mikati pidió este lunes a la comunidad internacional que presione con el Estado libanés para alcanzar un alto el fuego inmediato al tiempo que pidió apoyo al país en vez de a facciones en referencia velada al grupo chií Hizbulá Hoy renovamos nuestro llamado a nuestros amigos de los países árabes e islámicos y a toda la comunidad internacional para que presionen con nosotros para alcanzar un alto el fuego inmediato dijo el libanés en Riad durante la apertura de la cumbre de líderes de países árabes e islámicos Asimismo urgió a los países de Oriente Medio y del resto del mundo a que respeten la privacidad del Líbano y apoyen su modelo pluralista en una aparente alusión a los llamados de Occidente a que el país mediterráneo nombre a un nuevo jefe de Estado como condición previa a la negociación de un alto el fuego También pidió que se abstengan de interferir en sus asuntos internos apoyando a este o a aquel grupo y que más bien apoyen al Líbano como Estado y entidad dijo Mikati que a mediados de octubre acusó a Irán el principal aliado de Hizbulá de intentar establecer una tutela inaceptable en el país mediterráneo El jefe del Ejecutivo libanés recordó que en el último año de guerra con Israel más de personas han muerto y gran parte de las localidades del sur del país han sido destruidas así como otras zonas más alejadas de la divisoria con el Estado judío El Líbano atraviesa una crisis histórica fatídica y sin precedentes que amenaza su presente y su futuro que reconoció que los ataques de Israel se suman a una serie de desafíos estructurales y crisis acumuladas en los pasados años principalmente provocadas por la corrupción endémica En este sentido recordó que según estimaciones del Banco Mundial los daños y pérdidas materiales hasta la fecha ascienden a unos millones de dólares de los que millones son en los sectores de educación salud agricultura y medio ambiente entre otros Ningún país puede soportar por sí solo el peso de esta destrucción masiva y mucho menos el Líbano que lleva cinco años enfrentando una crisis económica y financiera sin precedentes y que empeora sentenció Mikati EFE sa sr cgs ijm jam ,11 de noviembre de 2024,9
 Israel halla instalaciones de Hizbulá a metros de una base de la FINUL en Líbano , Jerusalén nov EFE El Ejército de Israel aseguró este viernes haber hallado un centro de entrenamiento del grupo chií Hizbulá a metros de una base de la misión de la ONU en Líbano la FINUL con la que ha mantenido varios incidentes desde principios de octubre en los que soldados israelíes han atacado a los cascos azules Los milicianos utilizaban el complejo para entrenar estudiar y almacenar grandes cantidades de armas recogió un comunicado de las fuerzas armadas hoy según el cual en el lugar también había lanzaderas de cohetes preparadas para atacar territorio israelí En la redada al lugar las tropas encontraron también documentos que describen pautas de actuación de Hizbulá mapas de Israel información sobre los equipamientos del Ejército israelí trampillas a túneles y más armas El complejo fue desmantelado termina el comunicado Desde que Israel lanzó su invasión en el sur del Líbano en la madrugada del de octubre las autoridades han apelado en varias ocasiones a la FINUL a abandonar la región a lo que esta misión de Naciones Unidas se ha negado Mientras tanto se han producido numerosos incidentes entre las tropas israelíes y los cascos azules o las instalaciones en las que se encontraban Ayer cinco operativos de la FINUL resultaron heridos cuando viajaban en un coche por la ciudad sureña de Sidón al verse afectado por un ataque con drones israelí que mató a otras tres personas A lo largo de octubre la misión denunció otros incidentes Un proyectil israelí impactó en uno de ellos en su base en la ciudad de Naqoura e hirió a dos cascos azules y el pasado de octubre dos tanques israelíes entraron en instalaciones de la FINUL en el área de Ranyah El pasado de octubre otros ocho cascos azules resultaron heridos leves por el impacto de un proyectil de Israel en una base en Naqoura Más de un año de intercambio de fuego entre Israel e Hizbulá en torno a la frontera con Líbano ha acabado con la vida de más de personas en este país la mayoría desde que el Ejército israelí intensificó su campaña de bombardeos contra el país vecino el pasado de septiembre Las fuerzas armadas estiman que unos eran milicianos del grupo chií Del lado israelí personas han fallecido por ataques lanzados desde Líbano de las cuales eran civiles Además soldados han muerto en combate en el sur del país vecino donde mantienen una invasión terrestre desde el pasado de octubre ,8 de noviembre de 2024,11
 Ascienden a los muertos en una oleada de bombardeos de Israel contra el este del Líbano , Beirut nov EFE Al menos personas murieron y otras resultaron heridas este miércoles en una oleada de bombardeos efectuados por Israel contra la región de Baalbek Hermel en el este del Líbano en una de las jornadas más violentas contra esta zona desde el inicio de la campaña aérea israelí hace poco más de un mes El gobernador de esta región nororiental Bachir Khodr dijo en su cuenta de X que este saldo de víctimas fue el resultado de incursiones aéreas realizadas por la aviación israelí contra Baalbek Hermel donde todavía continúan los trabajos de remoción de escombros en más de un lugar atacado Según el Ministerio de Salud Pública el mayor número de víctimas se registró en la localidad de Al Naseriya cercana al paso fronterizo de Masnaa entre Siria y el Líbano donde personas murieron y resultaron heridas Asimismo al menos nueve personas perecieron y otras quince resultaron heridas en un bombardeo contra el barrio de Al Shaiqan de la histórica ciudad de Baalbek una población que el Ejército israelí ha ordenado evacuar en múltiples ocasiones en los últimos días El Ministerio también registró fallecidos y heridos en otras siete localidades Tamnine al Tahta Al Ram Al Sharqi Al Shawagir Al Ain Al Ansar Balmira y Al Nasiriya Anteriormente la Agencia Nacional de Noticias libanesa NNA también había informado de víctimas en la localidad fronteriza con Siria de Mishrifa al norte de Hermel El Ministerio advierte que las operaciones de rescate continúan en marcha y que continúa la búsqueda de desaparecidos entre los escombros En las últimas semanas Israel ha intensificado sus bombardeos contra el este del Líbano y contra zonas fronterizas con Siria también en territorio sirio puesto que el Ejército del Estado judío alega que el grupo chií libanés Hizbulá almacena armas y municiones en esa región oriental del país de los cedros Más de personas han muerto y otras millones se han visto desplazadas solo en el Líbano desde el inicio de los choques entre Israel y Hizbulá el de octubre de un día después del estallido de la guerra en la Franja de Gaza Sin embargo se estima que alrededor de personas han muerto solo desde el de septiembre cuando el Ejército israelí lanzó una campaña de bombardeos masiva contra diferentes puntos del Líbano y una semana después inició la invasión terrestre en el sur ,7 de noviembre de 2024,10
 Al menos muertos en bombardeos israelíes contra Líbano desde el martes por la noche , Desde el martes por la noche hasta el miércoles por la tarde los ataques aéreos de Israel han dejado decenas de víctimas mortales además de heridos según distintas fuentes La Defensa Civil libanesa que se encarga del rescate de muertos y heridos ha recuperado cuerpos de debajo de los escombros de un edificio de apartamentos en la localidad de Barja tal y como recoje la agencia de noticias AP El ataque tuvo lugar en la noche del martes sin aviso previo según AP Barja se encuentra al sur de Beirut y no ha sido un blanco habitual de los ataques israelíes desde que comenzó la ofensiva contra Líbano a finales de septiembre Su población es mayoritariamente suní mientras que la aviación israelí ha tenido como objetivo las zonas de mayoría chií donde el grupo Hizbulá tiene una mayor presencia y apoyo Precisamente este miércoles Israel ha atacado la provincia de Baalbek Hermel en el este de Líbano y considerado uno de los bastiones de Hizbulá Al menos personas han muerto y han sufrido heridas en un total de bombardeos israelíes contra la provincia tal y como ha anunciado su gobernador a través de la red social X Bachir Khodr no ha ofrecido más detalles Por su parte el Ejército israelí no ha informado de los ataques contra la provincia de Baalbek Hermel pero sí ha notificiado el lanzamiento de proyectiles desde Líbano contra Israel hasta las horas locales en España del día de hoy Según la Agencia Nacional de Noticias libanesa ANN al menos cinco personas murieron en un bombardeo contra el barrio de Al Shaiqan de la histórica ciudad de Baalbek una población que el Ejército israelí ha ordenado evacuar en múltiples ocasiones en los últimos días La ANN citada por la Agencia EFE ha indicado que otras siete personas perdieron la vida en la localidad fronteriza con Siria de Mishrifa donde los equipos de rescate también han contabilizado varios heridos y continúan con los trabajos de desescombro por lo que el número de víctimas mortales podría aumentar Por otra parte un ataque aéreo efectuado a primera hora de la mañana contra la ciudad de Al Ain en el oriental Valle de la Bekaa ha provocado otros siete muertos dos heridos y la destrucción completa de una casa según la ANN En las últimas semanas Israel ha intensificado sus bombardeos contra el este del Líbano y contra zonas fronterizas con Siria alegando que Hizbulá almacena armas y municiones en esa región oriental del país en el pasado ha acusado al grupo chií de recibir ese armamento desde Irán a través de territorio sirio A última hora de este miércoles Israel ha atacado una vez más los suburbios sur de Beirut que han sido duramente golpeados por la aviación y donde fue asesinado el líder de Hizbulá Hasán Nasrala a finales de septiembre El Ejército israelí ha informado de que ha atacado centros de mando almacenes de armas e infraestructura terrorista en el área de Dahie tal y como se denomina la gran barriada al sur de la capital Desde octubre del año pasado cuando Hizbulá e Israel empezaron a intercambiarse fuego casi a diario han fallecido en Líbano personas y más de han resultado heridas la gran mayoría en las pasadas semanas desde que el Ejército hebreo emprendió su campaña de bombardeos e invadió por tierra el sur del país vecino ,6 de noviembre de 2024,11
 Israel anuncia la muerte de otro comandante de Hizbulá y prosigue su ofensiva en Líbano , Jerusalén nov EFE El Ejército israelí anunció este miércoles la muerte del comandante del grupo chií Hizbulá para la región de Jiyam al que identificó como Husáin Abd al Halim Harb mientras prosigue con su ofensiva en el sur de Líbano Israel acusó al miliciano de ejecutar numerosos ataques con cohetes contra comunidades de Galilea y contra la zona de Metula en particular según un comunicado castrense Las fuerzas israelíes mataron además a varios milicianos en ataques aéreos contra el sur de Líbano a los que identificaron tratando de lanzar cohetes contra el norte de Israel En Metula murieron la semana pasada un agricultor israelí y cuatro trabajadores tailandeses tras el impacto de un cohete contra una plantación de manzanos Desde que Israel comenzó su escalada bélica contra Hizbulá en Líbano a finales de septiembre civiles han perdido la vida en ataques de los chiíes contra el norte del país También han muerto soldados israelíes en combate en el sur de Líbano y en el norte de Israel Por otro lado los bombardeos israelíes contra Hizbulá concentrados sobre todo en el sur y el este de Líbano pero también en los suburbios del sur de Beirut han matado a más de un millar de personas y obligado a más de un millón a huir ,6 de noviembre de 2024,7
 Nuevos bombardeos al sur de Beirut tras muertos en oleada de ataques al este del Líbano , Beirut nov EFE Aviones de combate israelíes lanzaron este jueves varios bombardeos contra suburbios al sur de Beirut según la cadena de televisión libanesa Al Jadeed después de que al menos personas murieran tras los ataques del Ejército israelí el miércoles contra la región de Baalbek Hermel en el este del Líbano La cadena de televisión libanesa asegura que hubo al menos cuatro bombardeos en la madrugada del jueves en los barrios del sur de Beirut en concreto en las zonas de Haret Hreik Tahouitet El Ghadir y Al Awza i sin que hubiese aún información sobre qué objetivos fueron atacados ni si hubo víctimas El miércoles aviones israelíes ya lanzaron al menos dos bombardeos contra los suburbios del sur de Beirut conocidos como el Dahye después de que el Ejército de Israel emitiera una orden de evacuación de un barrio de la zona tras asegurar que alberga instalaciones del grupo chií libanés Hizbulá Esta madrugada no hay registro de avisos de evacuación en los canales de comunicación del Ejército israelí El Dahye se ha convertido en un extrarradio fantasma desde que Israel inició su campaña de bombardeos masiva contra el Líbano el pasado de septiembre que inicialmente se concentró en ese suburbio meridional de Beirut Por otro lado al menos personas murieron y otras resultaron heridas este miércoles en una oleada de bombardeos efectuados por Israel contra la región de Baalbek Hermel en el este del Líbano en una de las jornadas más violentas contra esta zona desde el inicio de la campaña aérea israelí hace poco más de un mes En las últimas semanas Israel ha intensificado sus bombardeos contra el este del Líbano y contra zonas fronterizas con Siria también en territorio sirio puesto que el Ejército del Estado judío alega que el grupo chií libanés Hizbulá almacena armas y municiones en esa región oriental del país de los cedros Más de personas han muerto y otras millones se han visto desplazadas solo en el Líbano desde el inicio de los choques entre Israel y Hizbulá el de octubre de un día después del estallido de la guerra en la Franja de Gaza Sin embargo se estima que alrededor de personas han muerto solo desde el de septiembre cuando el Ejército israelí lanzó una campaña de bombardeos masiva contra diferentes puntos del Líbano y una semana después inició la invasión terrestre en el sur ,7 de noviembre de 2024,9
 Barja una localidad suní del Líbano objetivo de una nueva masacre israelí con muertos , Noemí Jabois Barja Líbano nov EFE Anoche Hassan Souleiman no lograba conciliar el sueño solo en su piso de Barja una zona de mayoría suní apenas a kilómetros al sur de Beirut Decidió prepararse una shisha o pipa de agua la primera calada rota por un bombardeo que mató a al menos una treintena de sus vecinos Hassan resultó herido en un brazo y una pierna pero se siente afortunado porque su familia no se encontraba en el edificio lo que les salvó de la última masacre cometida por Israel en el Líbano al menos muertos y tres heridos según el último balance ofrecido por la Defensa Civil Libanesa Mi familia se fue minutos antes del ataque tenían que ir a un sitio con el marido de mi hermana y sus hijos Dios les protegió dice a EFE el hombre frente a lo que queda del inmueble atacado anoche parcialmente derrumbado Los equipos de rescate aún buscan a potenciales desaparecidos entre los escombros de este inmueble y otro colindante que también sufrió daños significativos mientras supervivientes y vecinos se arremolinan en la zona a la espera de que los operarios de la excavadora les den buenas o malas noticia Una noche oscura Estaba tratando de dormir pero no lo lograba así que me hice una shisha y me senté aquí junto a la puerta negra Cuando me senté oí el misil antes de que llegara y el ataque ocurrió relata Hassan el brazo en cabestrillo por dentro de la sudadera y una quemadura en la pierna a causa de la explosión Vivía en la planta baja del edificio desde hacía un mes después de verse desplazado por segunda vez en un año de conflicto Tras el estallido de los enfrentamientos entre Israel y el grupo chií libanés Hizbulá en octubre de la familia tuvo que abandonar su hogar en Aita al Shaab cerca de la frontera de facto con el Estado judío y se trasladó a la zona también meridional de Tiro Sin embargo desde que Israel inició una intensa ofensiva aérea contra el Líbano hace ya mes y medio ni Tiro ni prácticamente ninguna otra localidad del sur del país son seguras para la población Alrededor de millones de personas como Hassan se han visto desplazadas en el país La campaña de bombardeos se ha concentrado principalmente en el sur y este de la nación y en los suburbios sur de Beirut de mayoría chií pero también se producen de forma cada vez menos esporádica contra localidades fuera de esos focos pobladas por otras comunidades Suelen tener como objetivo edificios en los que alojan desplazados del sur del país y muchos acusan a Israel de tratar de crear tensiones internas entre comunidades con este tipo de acciones Mustafa Damaj un miembro de la Defensa Civil Libanesa desplegado en el lugar del ataque en Barja explica a EFE que de hecho aquí residía un porcentaje bajo de desplazados Mujeres y niños De acuerdo con el rescatista la mayoría de las víctimas mortales halladas por sus equipos son mujeres y niños mientra que este miércoles continúan con las labores de búsqueda sin que esté confirmada la presencia de desparecidos ni claro cuántos podrían ser Según la información recabada de los vecinos podría haber gente algunos dicen otros diez y otros ocho Por eso estamos realizando las labores de rescate y el proceso de retirada de escombros con mucho cuidado en caso de que haya alguien debajo afirma el rescatista La excavadora va apartando los restos del edificio que se vinieron abajo por el impacto y también los que se desprendieron con otro derrumbe parcial provocado por los efectivos para evitar riesgos durante las labores de búsqueda Algunos de los lados suponían una amenaza para realizar las operaciones de rescate bajo ellos así que quitamos el riesgo con maquinaria indicó Damaj Un vecino que pide el anonimato lamenta en el lugar de los hechos cómo en el pasado Europa y Estados Unidos quisieron llevarse sus recursos a cambio de paz Nos mintieron critica reflejando la frustración de muchos libaneses en medio de la enésima guerra en el país Mientras Donald Trump baila por las elecciones nuestros niños son asesinados por armas estadounidenses agrega poco después de que el candidato a la Casa Blanca declarara su victoria en los recientes comicios en EE UU EFE amo njd cgs jam foto vídeo ,6 de noviembre de 2024,22
 El Gobierno británico espera que EE UU apoye a Ucrania el tiempo que sea necesario , Londres nov EFE El ministro británico de Defensa John Healey dijo este lunes que espera que Estados Unidos apoye a Ucrania durante el tiempo que sea necesario ante la incertidumbre sobre lo que hará el presidente estadounidense electo Donald Trump una vez que asuma el poder el próximo mes de enero El ministro señaló en declaraciones a Sky News que estima que Trump reconoce que los países obtienen seguridad a través de la fuerza tal como lo hacen las alianzas como la OTAN y que la determinación de EE UU de continuar respaldando a Ucrania es igual de fuerte Al serle preguntado sobre si la seguridad de Ucrania había disminuido desde la victoria de Trump Healey respondió No no lo creo porque EE UU junto con el Reino Unido han sido dos de los principales países que han apoyado a Ucrania y nuestra determinación de hacerlo es igual de firme Resaltó que espera que el presidente electo permanezca junto a países aliados en darle el apoyo a Ucrania durante el tiempo que sea necesario ante la invasión del presidente ruso Vladímir Putin El ministro hizo estas declaraciones después de que la prensa estadounidense revelase que Trump mantuvo hace unos días una conversación telefónica con Putin después de su victoria electoral y que le aconsejó no intensificar la guerra en Ucrania ,11 de noviembre de 2024,5
 Rusos y ucranianos ya combaten dentro de Kurájove según el líder de república de Donetsk , Moscú nov EFE Soldados rusos y ucranianos ya combaten dentro de la localidad de Kurájove importante plaza fuerte ucraniana en la región de Donetsk informó este lunes Dmitri Pushilin líder de esa república popular anexionada por Rusia La localidad está siendo capturada aseguró Pushilin en declaraciones a la televisión rusa Pushilin añadió que las tropas rusas buscan también cortar las líneas de suministro del enemigo en un claro intento de rodear la ciudad que tenía cerca de habitantes antes del comienzo de la contienda Es muy importante la liberación de dicha localidad Ya que tan pronto como se libere Kurájove tan pronto como las fuerzas rusas avancen el enemigo no tendrá posibilidad física de alcanzar con su artillería la ciudad de Donetsk señaló Añadió que desde la zona de Kurájove también se lanzan drones que causan estragos entre la población civil del Donbás bajo control ruso Según blogueros rusos y ucranianos las unidades rusas se adentraron en el barrio oriental y nororiental de la ciudad lo que ha sido confirmado por la plataforma dedicada al análisis de la guerra DeepState La prensa internacional cifra en menos de un millar los civiles que permanecen en Kurájove en su mayoría en sótanos y sin agua calefacción ni electricidad El propio presidente ucraniano Volodímir Zelenski reconoció las dificultades que atraviesa la defensa de la ciudad En los últimos días según el Estado Mayor del Ejército ucraniano los rusos han lanzado decenas de asaltos en dirección a Kurájove y también a Pokrovsk habitantes principal objetivo de la actual ofensiva de Moscú Vemos avances de nuestras unidades prácticamente en todos los sectores del frente resaltó Pushilin El Ministerio de Defensa de Rusia informó hoy de la toma de la pequeña localidad de Kolisnikivka que se encuentra a escasa distancia de la ciudad de Kupiansk en la región nororiental de Járkov La pasada semana el presidente ruso Vladímir Putin dijo que cerca de Kupiansk el Ejército ruso tiene rodeados dos agrupaciones ucranianas de y hombres respectivamente La situación en la línea del frente sigue siendo complicada y muestra signos de escalada declaró el sábado el comandante en jefe del Ejército ucraniano Oleksander Sirski en una conversación con el comandante de las Fuerzas Armadas estadounidenses en Europa el general Christopher Cavoli Según el Instituto para el Estudio de la Guerra a pesar de que Rusia ha capturado kilómetros cuadrados de territorio ucraniano en los últimos dos meses no puede sostener indefinidamente sus elevadas pérdidas en tropas y equipamiento El Ejército ruso perdió casi soldados entre muertos y heridos en septiembre y octubre según las estimaciones de Kiev Mientras según informa el diario New York Times que cita a fuentes ucranianas y estadounidenses Rusia habría concentrado hasta hombres lo que incluiría también soldados norcoreanos para liberar definitivamente la región de Kursk controlada parcialmente por fuerzas ucranianas desde hace tres meses ,11 de noviembre de 2024,16
 Rusia prosigue ataques aéreos contra Ucrania que extrema protección del sector eléctrico , Kiev nov EFE El Ejército ruso atacó en la madrugada de este lunes territorio ucraniano con misiles bombas aéreas y más de aparatos no tripulados kamikaze Shahed y de otros modelos un día después de que ambos bandos protagonizaron el mayor intercambio de drones de toda la guerra y pese a la petición al Kremlin de no escalar la guerra que habría hecho por teléfono el presidente electo de EEUU Donald Trump Cinco personas murieron en la ciudad del sur de Ucrania de Mikoláyiv a consecuencia del impacto de los drones rusos También hubo muertos en la urbe de Zaporiyia en el sureste del país donde una persona murió y más de veinte resultaron heridas por el lanzamiento por parte de Rusia de tres bombas aéreas sobre la ciudad Debido a la amenaza de ataques con misiles en infraestructuras eléctricas ucranianas las autoridades de los óblasts de Cherkasi centro y Kiev norte anunciaron por la mañana cortes de electricidad de emergencia para reducir los daños en el sistema en caso de impactos en el equipamiento La empresa eléctrica privada DTEK programó cortes en Odesa sur Dnipropetrovsk centro y Donetsk este y medios ucranianos informaron de medidas similares en Mikoláyiv Zhitómir y Kirovograd centro y Járkov y Sumi noreste Según dijo a EFE el experto en el sector energético Andrian Prokip Rusia podría lanzar otro gran ataque contra las infraestructuras eléctricas ucranianas antes del invierno para dar al traste con los esfuerzos de Kiev para recuperar la capacidad de generación perdida en la decena de bombardeos que las fuerzas del Kremlin han dirigido desde el pasado mes de marzo contra el sistema Rusia lleva semanas lanzando ataques contra territorio ucraniano casi exclusivamente con drones El analista militar ucraniano Andrí Kovalenko ha advertido en declaraciones a medios locales que el Ejército ruso está acumulando misiles para llevar a cabo nuevos ataques masivos contra Ucrania En plena visita de Borrell Estos nuevos ataques aéreos contra Ucrania se producen en plena visita del alto representante de la UE para la Política Exterior Josep Borrell que esta mañana tuvo que bajar al refugio subterráneo del hotel en el que se hospedaba en Kiev al activarse las alarmas antiaéreas en prácticamente todo el país debido al despegue de varios aviones rusos capaces de lanzar misiles Esta es la realidad diaria para los ucranianos desde el comienzo de la invasión rusa a gran escala escribió Borrell en su cuenta de la red social X junto a una foto suya junto al refugio Borrell realiza su última visita a Ucrania antes de dejar el cargo con el objetivo principal de reafirmar la continuidad del apoyo europeo al país tras la victoria del presidente electo Donald Trump que es reacio a seguir destinando dinero a ayudar a Kiev y este domingo habló por primera vez con el presidente ruso Vladímir Putin tras ganar las elecciones para pedirle que no intensifique sus ataques a Ucrania según ha publicado el Washington Post Durante la jornada del domingo Borrell fue informado por las autoridades de la región de Cherníguiv en el norte de Ucrania y fronteriza con Rusia y Bielorrusia de sus acuciantes necesidades en materia de defensa antiaérea Según explicó el gobernador Viacheslav Chaus durante la reunión que se produjo durante la visita de Borrell a la región las fuerzas rusas tratan de golpear ahora infraestructuras eléctricas más pequeñas que las grandes centrales afectadas en los sucesivos ataques lanzados este año contra el sector El jefe interino de la empresa pública ucraniana de electricidad Oleksí Brejt explicó la semana pasada a medios locales que los ataques rusos tienen ahora como prioridad las infraestructuras de distribución debido en parte a que Ukrenergo ha logrado dotar de mayor protección a sus infraestructuras de generación El presidente Volodímir Zelenski sigue reclamando más medios de defensa antiaérea para evitar nuevos ataques al sistema eléctrico y a otras infraestructuras y salvar vidas entre la población civil Zelenski también continúa pidiendo a EEUU Francia y Reino Unido los tres aliados que le envían misiles de mayor alcance que le permitan utilizarlos para golpear las bases situadas dentro de Rusia desde las que despegan los aviones que bombardean Ucrania Kiev no ha recibido por el momento una respuesta positiva a esta petición por parte de sus socios que temen posibles represalias rusas si dan este paso Tras reunirse con el ministro de Exteriores ucraniano Andrí Sibiga este sábado en Kiev Borrell urgió a que se permita a Ucrania golpear objetivos militares en Rusia con armamento occidental y defendió estas acciones como legítimas en el marco de los esfuerzos ucranianos por defenderse Marcel Gascón ,11 de noviembre de 2024,18
 Trump conversó con Putin tras su victoria en las elecciones y le pidió que no intensifique la ofensiva en Ucrania , Apenas dos días después de hacerse con la victoria electoral en las presidenciales de Estados Unidos Donald Trump conversó por teléfono con el presidente ruso Vladímir Putin Así lo ha adelantado este domingo el diario The Washington Post que cita a fuentes del entorno del republicano Trump pidió a Putin el pasado jueves que no intensifique la ofensiva militar sobre Ucrania uno de los asuntos que pueden marcar su agenda internacional a partir de enero Se trata de la primera conversación entre ambos desde las elecciones y Trump telefoneó al líder ruso desde su resort en Florida Las fuentes del Post que estaban presentes en la llamada aseguran que el líder republicano mostró su interés en mantener nuevas conversaciones para tratar el final de la guerra en Ucrania Trump recordó además a Putin siempre según el relato del diario estadounidense la presencia militar de Estados Unidos en Europa y le pidió que no intensifique sus esfuerzos bélicos sobre Ucrania El final de este conflicto es una de las promesas electorales de Trump que sin embargo nunca desveló cómo conseguiría hacerlo La pasada semana el presidente ucraniano Volodímir Zelensky fue uno de los primeros líderes en felicitarle por su victoria El Kremlin ha negado este lunes que el presidente ruso y Donald Trump hayan mantenido una conversación telefónica tras la victoria de Trump en las elecciones Esa noticia es una pura invención Es una información falsa ha dicho Dmitri Peskov portavoz presidencial en su rueda de prensa telefónica diaria Valoro el compromiso del presidente Trump con la estrategia por la paz a través de la fuerza en los asuntos internacionales afirmó Zelensky en un comunicado Ese es precisamente el principio que puede acercarnos a una paz justa en Ucrania Tengo la esperanza de que podamos conseguirlo juntos Sin embargo el temor en Europa y entre los aliados de la OTAN es que Trump esté dispuesto a defender un acuerdo de paz que requiera a Ucrania la cesión de parte de su territorio a Rusia una postura que han rechazado también la UE y EEUU hasta ahora Esta semana el Kremlin declaró que la disposición de Putin al diálogo con Trump no suponía un cambio en los objetivos de la operación militar especial de Rusia en territorio ucraniano El presidente Putin nunca ha dicho que los objetivos de la operación militar especial cambien afirmó el portavoz de la Presidencia rusa Dmitri Peskov en rueda de prensa Por el contrario ha repetido repetidamente que siguen siendo los mismos añadió Putin también felicitó al republicano por su victoria electoral y declaró su disposición a mantener pronto contactos con el futuro presidente estadounidense con el que celebró una cumbre en Helsinki a mediados de Trump asegura que ha hablado con cerca de líderes internacionales desde el pasado martes cuando logró la victoria en las elecciones que le convertirán en el presidente de EEUU Entre esos líderes está precisamente Zelenski y en aquella llamada también estuvo presente el empresario Elon Musk uno de sus máximos apoyos durante la campaña electoral El presidente de Ucrania declaró posteriormente que la fortaleza de EEUU es vital para el mundo y para alcanzar la paz en su país Según avanza el Post este tipo de conversaciones suelen ocurrir una vez que el vencedor de las elecciones ha comenzado oficialmente el período de transición con su predecesor Sin embargo Trump todavía no se ha reunido con Biden ni ha sellado los acuerdos que rigen este proceso por lo que las llamadas no cuentan con el seguimiento del Departamento de Estado ni con el trabajo de traductores e intérpretes del gobierno estadounidense ,10 de noviembre de 2024,9
 Finlandia incauta inmuebles rusos para compensar a la empresa ucraniana estatal de energía , Las relaciones entre Finlandia y Rusia nunca han estado tan deterioradas desde que empezó la guerra en Ucrania lo que llevó al país nórdico a ingresar en la alianza militar de la OTAN El último capítulo de esta tensión entre los dos países se ha producido tras la acción de la Autoridad Nacional de Ejecución de Finlandia una agencia que depende del Ministerio de Justicia de confiscar los activos inmobiliarios que el Gobierno de Moscú tiene en el país nórdico La incautación de inmuebles empezó el pasado de octubre y habría afectado a propiedades que en total suman un valor de millones de euros según informa el periódico Helsinguin Sanomat La acción se ha llevado a cabo por orden de un tribunal de Helsinki en relación con una decisión tomada por el Tribunal Internacional de Arbitraje de La Haya en abril del Esta corte internacional condenó a Rusia a pagar a la compañía estatal ucraniana de energía Naftogaz más de millones de euros como compensación por la invasión de la península de Crimea en en la que se destruyó buena parte de la infraestructura de la empresa Desde la empresa de energía ucraniana han celebrado en un comunicado la decisión tomada por el tribunal de Helsinki alegando que dado que Rusia se niega a pagar voluntariamente a Naftogaz los fondos estipulados por la sentencia de La Haya seguimos utilizando todos los mecanismos disponibles para recuperarlos Hoy estamos un paso más cerca de restablecer la justicia Al mismo tiempo estamos tomando medidas activas para hacer cumplir la sentencia jurídica en otras atribuciones que involucran activos rusos dijo el presidente y director general del grupo Naftogaz Oleksiy Chernyshov La empresa Naftogaz también ha solicitado la confiscación de activos rusos en el resto de países europeos pero de momento Finlandia ha sido el primer Estado en implementar las incautaciones según informaba la prensa local La reacción desde el Kremlin por la congelación de millones de euros en inmuebles no se ha hecho esperar Desde la embajada de Rusia en Finlandia se ha enviado una nota de protesta al Ministerio de Asuntos Exteriores anunciando una acción judicial contra la decisión de Finlandia Por su parte el portavoz del Kremlin Dmitry Peskov confirmó Por supuesto impugnaremos esto en los tribunales Naturalmente la Federación Rusa defenderá sus intereses inmobiliarios por lo que utilizaremos todos los mecanismos legales para proteger nuestros intereses Entre la lista de inmuebles incautados por el Gobierno finlandés destaca por su valor inmobiliario el edificio del Centro Ruso de Ciencia y Cultura ubicado en el céntrico distrito de Töölö en Helsinki además de otro edificio de oficinas de millones de euros en la capital En la cadena de televisión pública YLE ha trascendido la lista y la ubicación del resto de los inmuebles rusos embargados por las autoridades de los cuales la mitad son propiedades diplomáticas incluidas las residencias de los trabajadores de la embajada en el país Sin embargo se ha informado de que el complejo de la embajada rusa no ha quedado incautado ya que por su uso diplomático está protegido por la Constitución finlandesa y las leyes internacionales El resto de propiedades incautadas varían mucho y están repartidas por todo el país como una parcela de hectáreas de terreno situada frente el mar que los diplomáticos rusos utilizaban como residencia de verano Según los medios finlandeses en la zona desmilitarizada de las islas Åland también se habrían expropiado varias casas entre ellas una residencia de hectáreas que habría sido propiedad del presidente ruso Vladímir Putin en el año En paralelo a la congelación de los bienes inmobiliarios rusos el Gobierno de Helsinki prepara para este otoño una legislación para prohibir completamente que los ciudadanos y empresas rusas puedan comprar propiedades en Finlandia Según un borrador de ley que se hizo público Finlandia aplicaría la prohibición de comprar bienes inmobiliarios a los ciudadanos de Estados cuyo territorio de origen haya sido considerado que viola la integridad territorial la soberanía y la independencia de otro Estado y pueda amenazar la seguridad de Finlandia Según el Gobierno se considera que los bienes inmuebles en manos de propietarios rusos representan un peligro potencial para la seguridad del país y por lo tanto el Ejecutivo ve prioritario aprobar esta ley En el mes de septiembre desde el Ministerio de Defensa se informó de que se habían denegado seis permisos de transacciones inmobiliarias por parte de empresas y compradores particulares de nacionalidad rusa El ministro Antti Häkkänen justificó las decisiones afirmando que no se puede descartar que las adquisiciones inmobiliarias en cuestión puedan amenazar la seguridad nacional y obstaculizar la organización de la defensa nacional o la vigilancia y salvaguarda de la integridad territorial Estas seis propiedades se encontraban en el este del país cerca de la frontera compartida de kilómetros con Rusia y que sigue con los puestos terrestres cerrados desde hace un año Desde el inicio de la guerra en Ucrania el Gobierno de Finlandia teme por la escalada de tensiones y por el impacto de una guerra híbrida llevada a cabo desde el Kremlin que amenaza a sectores estratégicos como las telecomunicaciones las infraestructuras o la ciberseguridad Por este motivo desde el Ministerio de Defensa se ha informado recientemente que en los últimos años se han monitorizado bienes inmobiliarios por todo el país vinculados a propietarios rusos Vemos como una amenaza potencial a nuestra seguridad el hecho de que tengamos a propietarios rusos y de otros países adquiriendo terrenos cerca de infraestructuras críticas dijo el primer ministro Petteri Orpo En los últimos años de forma recurrente los medios de comunicación finlandeses han informado de varios casos de propiedades e inmuebles sospechosos adquiridos por propietarios rusos Algunos casos llamativos han sido los de cabañas en el bosque inusualmente fortificadas casas de verano equipadas con helipuertos o la adquisición de almacenes logísticos sin valor aparente pero que se encontraban cerca de aeropuertos o de puestos de control de fronteras por lo que se sospechaba que podrían ser utilizados para tareas de espionaje o para acciones de sabotaje Desde el Ministerio de Defensa también se aclaró que hasta que no se apruebe la prohibición la mayoría de compras inmobiliarias por parte de ciudadanos rusos han recibido su aprobación sin embargo el número de solicitudes ha disminuido claramente Para el investigador del Instituto Finlandés de Asuntos Internacionales FIIA Arkady Moshes estas acciones son una prueba más del estado ruinoso de las relaciones entre los dos países donde cualquier acción o decisión se puede justificar en favor de la seguridad nacional porque la opinión pública lo ve todo a través del prisma de la seguridad La relación entre los dos países no podría ser peor concluye el experto ,10 de noviembre de 2024,13
 Biden entregará a Ucrania la ayuda restante antes de que Trump asuma el poder , Washington nov EFE El presidente saliente de Estados Unidos Joe Biden entregará a Ucrania los cerca de millones restantes de ayuda militar antes de que el próximo de enero asuma el poder el nuevo mandatario Donald Trump quien ha sido muy crítico con la ayuda a Kiev confirmó este domingo la Casa Blanca Biden garantizó a su homólogo ucraniano Volodímir Zelenski durante su última reunión en Washington en septiembre pasado que le entregaría toda la ayuda aprobada por el Congreso antes de finalizar su mandato explicó el consejero de Seguridad Nacional de la Casa Blanca Jake Sullivan en una entrevista con la cadena CBS Para el de enero habremos enviado a Ucrania la cantidad total de recursos y ayuda que el Congreso nos autorizó dijo Sullivan el más importante asesor en política exterior de Biden Según Sullivan Biden también pedirá durante los próximos días tanto al nuevo Congreso como a la próxima Administración de Trump que mantengan el apoyo a Kiev dado que alejarse de Ucrania significaría más inestabilidad en Europa El consejero de Seguridad Nacional defendió que desde el inicio de la invasión rusa en febrero de la política del Gobierno de Biden ha sido entregar armamento a Ucrania para que esté en una posición más fuerte tanto en el campo de batalla como en una posible mesa de negociaciones Corresponde a Ucrania decidir sobre por su propia soberanía e integridad territorial cuándo y cómo sentarse a negociar con Rusia afirmó Bajo el lema Estados Unidos primero Trump que ya gobernó el país entre y promete un cambio hacia una política exterior más aislacionista El republicano ha sido muy crítico con el envío de armamento a Ucrania ha alabado al presidente ruso Vladímir Putin y sostiene que es capaz de llegar a un acuerdo que ponga fin a la guerra en horas aunque no ha aclarado si estaría dispuesto a ceder territorio ucraniano a Rusia El Congreso estadounidense logró aprobar en abril pasado una partida de millones de dólares en ayuda para Ucrania tras varios meses de bloqueo republicano ordenado por el propio Trump ,10 de noviembre de 2024,9
 Trump habló con Putin y le aconsejó no intensificar la guerra de Ucrania según el Post , Washington nov EFE El ganador de las elecciones en Estados Unidos el republicano Donald Trump habló esta semana por teléfono con el presidente ruso Vladímir Putin y le aconsejó no intensificar la guerra de Ucrania informó este domingo en exclusiva el diario The Washington Post Según el diario Trump le recordó al mandatario ruso la considerable presencia militar que Estados Unidos tiene en Europa y expresó su interés de mantener conversaciones de seguimiento para abordar la resolución de la guerra de Ucrania pronto Durante la campaña electoral Trump dijo ser capaz de lograr un acuerdo en horas para poner fin a la guerra de Ucrania pero no dio más detalles al respecto y sus críticos señalan que estaría dispuesto a ceder parte del territorio ucraniano a Rusia algo inaceptable para el presidente ucraniano Volodímir Zelenski De acuerdo con el rotativo el Gobierno de Ucrania fue informado de la llamada entre Trump y Putin y no se opuso a esa conversación Desde que ganó las elecciones del martes el republicano ha sostenido unas llamadas con líderes mundiales incluida una con Zelenski en la que también participó el magnate Elon Musk Trump lleva a cabo estas conversaciones telefónicas desde su mansión de Florida sin la participación del Departamento de Estado dado que el equipo del republicano desconfía de los funcionarios de carrera Putin felicitó el jueves públicamente a Trump por su victoria electoral lo calificó de valiente por su respuesta al intento de asesinato que sufrió en un mitin electoral en julio pasado y se mostró dispuesto a mantener contactos con él Lo que ha dicho públicamente hasta ahora lo que se dijo sobre su deseo de restablecer las relaciones con Rusia contribuir a poner fin a la crisis ucraniana merece como mínimo atención señaló el mandatario ruso Mientras el portavoz del Kremlin Dmitri Peskov calificó de exageración la afirmación de Trump de que pondrá fin al conflicto en Ucrania en horas El presidente saliente de Estados Unidos Joe Biden planea acelerar el envío de armamento a Ucrania para poder entregar antes del fin de su mandato los millones de dólares restantes de la ayuda aprobada por el Congreso Trump que asumirá el poder el de enero ha sido muy crítico con el envío de armamento a Ucrania ,10 de noviembre de 2024,11
 Borrell dice en Ucrania que no puede haber paz sin castigo a los crímenes rusos , Marcel Gascón Yáguidne Ucrania nov EFE El alto representante para Asuntos Exteriores de la UE Josep Borrell se pronunció este domingo tras visitar uno de los escenarios de los abusos de las tropas del Kremlin hacia la población civil en el norte de Ucrania contra cualquier resolución del conflicto que no implique un castigo para los crímenes de guerra rusos Para que haya paz y no sólo un alto el fuego ésta tiene que ser justa y sostenible y esto es una advertencia para quienes dicen que porque esta guerra tiene que terminar debemos ponerle fin lo antes posible sin que importe cómo dijo Borrell a los medios que le acompañaban en su visita a la ciudad de Cherníguiv en el norte de Ucrania El jefe de la diplomacia europea que visita Ucrania por última vez antes de dejar su cargo para reafirmar el apoyo de la UE a Kiev tras el triunfo de Donald Trump en las elecciones de EEUU respondía a una pregunta sobre la posibilidad de que la paz exprés que ha prometido el próximo inquilino de la Casa Blanca se haga a cambio de impunidad para los crímenes rusos El político español había visitado minutos antes con dos supervivientes el sótano de la escuela de Yáguidne cerca de Cherníguiv donde al principio de la guerra las fuerzas rusas mantuvieron secuestradas a personas durante el mes que duró la ocupación Una decena de personas murió durante su cautiverio en el sótano que ha sido conservado en el estado en que lo dejaron las tropas rusas al retirarse para recordar el calvario que pasaron las víctimas La cuestión de las compensaciones a Ucrania Hay algo que se llaman compensaciones de guerra que en el pasado alguien tuvo que pagar dijo en referencia a la Alemania derrotada en la II Guerra Mundial Borrell había declarado previamente que casos de tortura masiva como el de Yáguidne retrotraen a los días más oscuros de Europa Recordó además que los socios de Ucrania tienen bajo su control millones de euros en activos rusos que pueden ser utilizados en beneficio de Ucrania Junto al alto representante participaron en la visita al sótano de la escuela de Yáguidne dos expertos de la UE que trabajan en Ucrania para reunir pruebas de los crímenes de guerra cometidos por las tropas de ocupación rusas Tarde o temprano serán utilizadas para pedir responsabilidades a quienes cometieron estas atrocidades no sólo desde el terreno sino también al nivel más alto posible remachó Borrell que recordó que la Corte Penal Internacional de La Haya reclama al presidente ruso Vladímir Putin para juzgarle por la deportación masiva de menores ucranianos a Rusia EFE mg smm rf foto vídeo ,10 de noviembre de 2024,14
 Borrell Ucrania tiene que estar en la mesa no en el menú , Si no eres un actor otros actúan por ti El alto representante Josep Borrell se suma a las voces que apremian a la UE a reforzar sus capacidades en casa para enfrentar las posibles consecuencias del regreso de Donald Trump a la Casa Blanca Y el jefe de la diplomacia europea pone el énfasis en Ucrania ante los temores a que el líder populista cierre el grifo de la ayuda y promocione un fin de la guerra que suponga básicamente la rendición de Kiev frente a Vladímir Putin Si no estás en la mesa del juego geopolítico estarás en el menú Ucrania tiene que estar en la mesa no en el menú ha expresado Borrell a su llegada a la reunión informal de los líderes de la UE que se celebra en Budapest y en la que están analizando las recetas que les propuso el exprimer ministro italiano Mario Draghi para reforzar la competitividad El también expresidente del Banco Central Europeo ha asegurado que sus recomendacones se han vuelto aún más urgentes después de las elecciones en EEUU No cabe duda de que la presidencia de Trump marcará una gran diferencia en las relaciones entre EEUU y Europa ha advertido Draghi que ha concedido que no tiene por qué ser necesariamente una afectación negativa Pero en lo que coincide toda la dirigencia europea es en que el viejo continente debe estar preparado y depender de sí mismo La única receta para sobrevivir es estar más unida y construir una Europa más fuerte soberana capaz de enfrentar los desafíos del mundo sin subcontratar nuestra seguridad en nadie más ha dicho Borrell Los europeos tienen que estar más unidos Cada uno de nosotros solo no cuenta en el mundo en un mundo de gigantes ha proseguido Borrell que ha apuntado a la necesidad de reforzar la capacidad de seguridad y tecnología Y para eso ha advertido el político catalán no importa lo que pase en otras casas Lo que importa es lo que pasa en nuestra casa A pesar de la preocupación que supone un nuevo mandato de Trump en la UE por la incertidumbre que supone su falta de predictibilidad y las posibles consecuencias económicas de recrudecimiento de la guerra comercial el mensaje que tratan de lanzar los líderes de los es de tranquilidad y confianza en sus propias capacidades Nuestras economías son fuertes nuestros países cuentan con sofisticados sistemas de defensa y representamos algo Si decidimos ser conscientes de lo que representamos geopolítica y comercialmente es un poder increíble No hay otro mercado de millones de personas tan unido por la historia de intereses y valores como el que nos reúne en torno a esta mesa animó este jueves el francés Emmanuel Macron a sus homólogos sentados en la Comunidad Política Europea que congrega a los países de la UE y a sus vecinos del este y Reino Unido Tenemos que ser más dueños de nuestro destino no por Kamala Harris o Trump sino por nuestros hijos expresó el presidente del Consejo Europeo Charles Michel Europa no puede cambiar el mundo pero sí puede cambiarse a sí misma para hacer frente a un mundo cambiante dijo el primer ministro griego Kyriakos Mytsotakis Europa está lista para valerse por sí misma también desde el punto de vista de la seguridad apuntó el belga Alexander de Croo antes de una cita que se convirtió en una especie de terapia de grupo ,8 de noviembre de 2024,7
 Borrell viaja por última vez a Ucrania para reafirmar apoyo europeo tras victoria de Trump , Kiev nov EFE El alto representante de la Unión Europea para Asuntos Exteriores y Seguridad Josep Borrell llegó a primera hora de este sábado a Kiev para reafirmar a las autoridades ucranianas el compromiso del bloque comunitario de seguir apoyando a Ucrania días después de la victoria del candidato republicano Donald Trump en las elecciones presidenciales de EEUU Nadie sabe exactamente qué hará la nueva administración y la administración de el actual presidente Joe Biden está todavía en el poder y puede tomar decisiones en los próximos dos meses dijo a su llegada Borrell a la delegación de periodistas que le acompañaba al ser preguntado por la posibilidad de que Trump decida poner fin a la ayuda militar de Washington a Kiev como se ha planteado desde el entorno del líder republicano Borrell pidió no anticipar acontecimientos y explicó que el objetivo de la que será su última visita a Ucrania antes de dejar el cargo de jefe de la política exterior de la UE en unos días es trasladar a los ucranianos el mensaje de que Europa seguirá apoyando a su país en su lucha por defenderse de la agresión rusa pase lo que pase en Estados Unidos Nosotros seguimos con el mismo objetivo el mismo plan no es una cuestión de coyunturas remachó Borrell que recordó que esta fue una de las conclusiones de la reunión de líderes de la UE que se celebró este viernes en Budapest El jefe de la diplomacia europea subrayó además que Europa seguirá apoyando las aspiraciones de entrar en la UE de los ucranianos Borrell adelantó que se reunirá durante su visita a Kiev con el presidente ucraniano Volodímir Zelenski y con sus ministros de Exteriores y Defensa con los que analizará la situación en el campo de batalla y el envío de ayuda a Ucrania para garantizar que ésta se materialice lo antes posible El político español explicó que tiene previsto también viajar lo más cerca posible del frente Borrell apura los últimos días de su mandato antes de ceder el cargo a la exprimera ministra de Estonia Kaja Kallas Como jefe de la diplomacia europea el socialista se ha caracterizado por su apoyo a Ucrania y ha visitado este país en numerosas ocasiones ,9 de noviembre de 2024,8
 Mazón enlaza falsas polémicas sobre agua potable y desatranques para confrontar con el Gobierno y desviar la atención , Acorralado por su gestión de la crisis en el día de la DANA cuando llegó tarde a la reunión clave y su Gobierno dudó durante dos horas de si enviar o no la alerta masiva a móviles que hubiera salvado decenas de vidas un cuestionado Carlos Mazón ha empezado a suscitar falsas polémicas para desviar la atención sobre su manera de actuar y la de su equipo La primera falsa polémica surgió este domingo sobre el agua potable Este lunes son los camiones de desatranque El Ministerio para la Transición Ecológica Miteco encabezado por la vicepresidenta Teresa Ribera cifró ayer en el número de municipios afectados por la DANA en los que ante la presencia de posibles patógenos se recomienda beber agua embotellada o hervir el agua corriente Además según datos del Miteco ofrecidos por las empresas proveedoras hogares continúan sin suministro de agua una cifra que al comienzo de la catástrofe alcanzó las familias Este domingo Mazón calificó de errónea la recomendación de hervir el agua El president valenciano ha decidido dedicar su tiempo a polemizar con Ribera a quien el PP intenta desde hace días situar en el foco mediático Con su cuestionamiento del Miteco parece como si para Mazón fuese incompatible beber agua embotellada y si no se dispone de ella hervir el agua corriente Tras las erróneas manifestaciones del Ministerio de Teresa Ribera consideramos importante aclarar con respecto al uso del agua las siguientes recomendaciones oficiales Salud Pública recomienda el uso de agua embotellada para beber y cocinar en todos los municipios afectados por la DANA El agua sí puede usarse para ducharse y asearse Hay agua embotellada gratuita en los puntos de avituallamiento de cada localidad Ante cualquier duda consulte las autoridades municipales ha escrito Mazón en un tuit No hay recomendaciones oficiales de calentar el agua porfió Mazón este domingo ante los medios Lo cierto es que el propio Gobierno central contra el que Mazón arremete también recomendó ese mismo día por boca de su delegada en la Comunitat Valenciana Pilar Bernabé la utilización de agua embotellada para el consumo humano Esa recomendación no contradice ni es incompatible como es fácil de entender con la de hervir el agua corriente en caso de necesidad La Organización Mundial de la Salud ya recordó en en su guía para la calidad del agua potable que es suficiente hervir el agua durante al menos un minuto para inactivar bacterias patógenas virus y protozoos La segunda falsa polémica agitada por Mazón desde las redes sociales tiene que ver con los camiones de desatranque de alcantarillado El president ha publicado este lunes a las el siguiente tuit Llevamos días solicitando al Gobierno de España camiones de desatasco de alcantarillado para evitar problemas graves de salud pública No llegan Hemos solicitado a la CEOE y al resto de Comunidades Autónomas que contribuyan con todos los medios a su disposición Gracias a todos por su inestimable ayuda Al tuit de Mazón ha respondido presencialmente esta mañana la delegada del Gobierno Pilar Bernabé quien ha relatado que la petición de camiones para alcantarillado se recibió el viernes a las horas y que a las se notificó a todas las Comunidades Autónomas A partir de ahí contestan las CCAA que tienen disponibilidad La primera que contestó fue Castilla La Mancha que ofreció En este momento hay ha dicho Bernabé También ha desvelado que no ha sido hasta hoy en el Centro de Emergencias en el Cecopi cuando el Gobierno de Mazón ha cifrado en el número de camiones de alcantarillado necesarios Yo le recomiendo al president que trabaje en la manera más adecuada de pedir los medios que igual solamente con el tuit no es lo más efectivo Si la prioridad son los camiones de alcantarillado ha dicho Bernabé vamos a trabajar por todas las vías posibles para conseguir camiones de alcantarillado desde donde sea y de paso hacemos el llamamiento para que todas las personas entidades CCAA organismos privados y públicos que puedan traer a la provincia de Valencia camiones de alcantarillado que lo hagan Y nos pondremos al lado de la Generalitat para hacer de altavoz de su responsabilidad que es pedir esos elementos Bernabé también ha explicado cómo se gestiona la petición de ayuda material Desde el Gobierno de España le pasamos tres veces al día a la dirección de la Emergencia autonómica un listado completo de todo lo que tienen a su disposición por parte de otras CCAA y de otros países Además de los camiones para el alcantarillado el Gobierno central ha enviado los siguientes medios de extracción de agua y lodos equipos de medios pesados de extracción y equipos de medios ligeros que incluyen autobombas y motobombas ,11 de noviembre de 2024,9
 Se recomienda que el consumo del agua sea embotellada en los municipios más afectados por la DANA , Cinco de los municipios afectados por la DANA en la provincia de València han recuperado el suministro de agua pero esta todavía no es apta para el consumo humano En otros sesenta se recomienda hervirla antes de consumirla Según explica el Ministerio de Transición Ecológica el temporal dejó inicialmente a personas sin suministro de agua de las que quedan sin poder acceder todavía pero se espera que en un máximo de días el abastecimiento esté restablecido tanto en calidad como en cantidad El president de la Generalitat a través de las redes sociales ha criticado que tras las erróneas manifestaciones del Ministerio de Teresa Ribera Salud Pública recomienda el uso de agua embotellada para beber y cocinar en todos los municipios afectados por la DANA y recuerdan que hay reparto gratuito de agua en las localidades añade también que el suministro doméstico del agua sí puede usarse para ducharse y asearse La delegada del Gobierno Pilar Bernabé a la salida del Cecopi también ha recordado que las autoridades sanitarias recomiendan que el consumo del agua ha de ser embotellada Después cada ayuntamiento informará a sus ciudadanos sobre el estado del agua de su municipio pero en principio la recomendación es el consumo de agua embotellada El ministerio también ha cuantificado entre cuatro y cinco los millones de metros cúbicos de lodo generados de los cuales el son superficiales y son arrastres de tierras agrícolas por lo que no requieren tratamiento más allá de la separación de escombros por otro lado el restante pertenecen a aguas fecales y a vertidos industriales de estas últimas se señala que se está realizando un plan de choque de revisión de instalaciones industriales Para estos lodos se busca el emplazamiento de tres canteras y o minas con suelo impermeable para depositarlos y que no filtre a los acuíferos ni al suelo del entorno unos emplazamientos que estudia un comité compuesto por el CSIC y el Instituto Geológico y Minero Además se ha informado que se pedirá a la Comisión Europea se pedirá poder superar temporalmente la directiva marco comunitaria sobre la calidad del agua para poder realizar los vertidos necesarios con un seguimiento para poder acortar al máximo los tiempos de excepción El departamento que dirige Teresa Ribera también ha previsto una inversión de millones de euros para la reparación y reposición de infraestructuras relativas al ciclo integral del agua Estos se dividen en tres secciones principales para infraestructuras de abastecimiento de agua potable millones para el alcantarillado y para la recuperación de plantas depuradoras Especialmente grave se consideran los sistemas de alcantarillado ya que de los municipios afectados en un alto porcentaje de ellos se requerirán inversiones para la reparación especilamente en los pequeños colectores que han sufrido problemas de colmatación En cuanto a las depuradoras se han visto afectadas plantas de las cuales tras las intervenciones de urgencia ya están operativas lo están parcialmente y están inoperativas para dentro de un año se confía en que solo operen parcialmente y todavía no lo puedan hacer En cuanto a las ayudas a las corporaciónes se transferirán todos los recursos necesarios para las reparaciones y sustituciones que no estén cubiertas por seguros También habrá una exención del canon a los usuarios durante medida que podría prolongarse en el tiempo Respecto a la afectación de l Albufera se están evaluando los daños del lago pero se ha avanzado que se han derivado los caudales que podrían verter lodos y provocar daños al Parque Natural y se han utilizado canalizaciones como azarbes para que las aguas lleguen directamente al mar De este modo y en paralelo a este plan de choque de restauración del ciclo del agua se realizará otro de restauración hidrológica y forestal para recuperar las condiciones previas a la DANA Sobre infraestructuras de la Confederación Hidrográfica del Júcar sobre el barranco del Poyo el MITECO afirma que había prevista ya para una inversión de millones de euros que se mantiene en estos momentos ,10 de noviembre de 2024,10
 La red de aguas de Valencia presenta daños superiores a los millones tras la dana , València nov EFE Las redes del ciclo integral del agua de la provincia de Valencia presentan daños por más de millones de euros tras el paso de la dana según las primeras estimaciones efectuadas por las administraciones públicas y los operadores del sector y recopiladas por el Ministerio de Transición Ecológica Las lluvias torrenciales y la posterior riada que provocaron al menos muertes y decenas de desaparecidos dejaron sin suministro de agua a más de personas en municipios una cifra que en doce días se ha logrado reducir a poco más de usuarios En municipios se mantiene la recomendación de hervir el agua antes de su consumo y en otros cinco no se ha indicado cuáles el agua no es potable ni siquiera mediante el hervido previo Los principales problemas ya no son de abastecimiento subrayan desde el Ministerio sino de calidad del agua y de instalaciones en cada edificio y se calcula que en unos días puede estar restablecido el suministro a la totalidad de usuarios Problemas de alcantarillado en municipios En el ámbito de las redes de saneamiento hay problemas de alcantarillado en municipios especialmente en los colectores pequeños muchos de ellos colmatados para los que no hay maquinaria de limpieza disponible En los casos en los que haya que reponer esta red el Ministerio aboga por avanzar hacia sistemas separativos pluviales y fecales depuradoras afectadas Por otra parte se ha informado de que depuradoras de la provincia han sufrido daños de diversa entidad Tras el paso de la dana quedaron operativas con daños esta cifra ha subido actualmente a operativas parcialmente hoy son y completamente inoperativas en la actualidad Según el balance de daños y las previsiones de las administraciones responsables se estima que en el plazo de un año de las que operan parcialmente podrían repararse y que de las inoperativas podrían estar funcionando Las depuradoras que haya que reconstruir se ubicarán en las mismas zonas para acelerar la tramitación de modo que no sea necesaria una nueva evaluación ambiental Se busca destino para millones de m de lodos El balance de daños realizado por el Ministerio calcula que la riada ha arrastrado entre y millones de metros cúbicos de lodos un asunto que ha propiciado la creación de un equipo de emergencia del CSIC y el Instituto Geológico y Minero para la búsqueda de una ubicación probablemente una cantera en desuso para el depósito de este residuo Hasta el momento se han identificado tres posibles espacios donde almacenar esos lodos todos ellos suelos estancos y de baja permeabilidad para evitar afecciones en el subsuelo Por orden de prioridad los espacios contemplados se ubican en Picassent Montserrat Chiva en Chiva o en Chiva Cheste Godelleta en función de los términos municipales en los que se encuentra la parcela en cuestión La inmensa mayoría de los lodos señalan las mismas fuentes corresponde a arrastres de tierras agrícolas no contaminadas y material mezclado con enseres coches etcétera fácilmente clasificables pero hay otros mezclados con aguas fecales o procedentes de vertidos industriales que necesitarán tratamiento previo Por este motivo la EPSAR Entidad Pública de Saneamiento de Aguas Residuales de la Comunitat Valenciana señalan desde el Ministerio inspeccionará las canalizaciones en instalaciones industriales Según ha informado el Ministerio el secretario de Estado de Medio Ambiente Hugo Morán ha hablado este domingo con el conseller de Infraestructuras Vicente Martínez Mus para informarle de que el plan de acción realizado por el departamento de Transición Ecológica se traslada a la Comunitat para que pilote las tareas de coordinación una vez se constituya el grupo de trabajo específico ,10 de noviembre de 2024,17
 Un joven de años fallece tras ser rescatado del agua en una playa de Tenerife , Un joven de años ha fallecido tras ser rescatado del agua en parada cardiorrespiratoria en la playa de Almáciga en Santa Cruz de Tenerife según ha informado el Centro Coordinador de Emergencias y Seguridad Cecoes El suceso se produjo este sábado sobre las horas cuando la sala operativa del recibió una alerta en la que se informaba de que un hombre se encontraba en apuros en el agua por lo que se activaron de inmediato los recursos de emergencia necesarios A la llegada del helicóptero de rescate del GES los efectivos comenzaron a practicar al afectado maniobras de reanimación cardiopulmonar básicas que habían sacado del agua por un grupo de personas que se encontraba en la citada playa Una vez que aterrizó en la playa el helicóptero medicalizado del SUC el equipo médico comenzó a realizar al afectado maniobras de reanimación avanzada sin obtener resultado confirmando su fallecimiento La Policía Nacional se hizo cargo hasta la llegada de la autoridad judicial La Policía Local colaboró con los servicios de emergencia desplegados en la zona ,10 de noviembre de 2024,5
 La memoria del agua , Lo que es del barranco vuelve al barranco decían los padres de mis padres los viejos llenos de sabiduría que poblaban nuestras tierras Mucho antes de que el hombre comenzara a destruirlas para hacer de las suyas y cometer los atropellos que todos conocemos y lamentamos ya ellos leían los mensajes que les llegaban de su parte y cada vez que la tierra se levantaba y castigaba a quienes consideraba culpables ellos lloraban tales desatinos y volvían a predicar una y otra vez los desastres que la naturaleza ofrecía como castigo a quienes la maltrataban Lo hacían con mensajes y parábolas con mitos y leyendas que contenían un relato de los hechos sus consecuencias y que acababan siempre con un mensaje que debía permanecer grabado en la historia de la humanidad como ejemplo de lo que no debía hacerse para que no se repitieran los sucesos Cuando era joven y paseaba por estas tierras nuestras y otras lejanas procuraba aprender de los más ancianos y sus consejas Quedaron grabadas en mis libretas sus palabras y encomiendas las mismas que hoy repiten con amargura sus descendientes El agua no olvida me decían el agua tiene memoria Sí es cierto ella conoce su camino ella lo aprende y no se aparta de él Somos nosotros los que olvidamos En la antigüedad quedaron descritas y publicadas barranqueras y desbordamientos Quedaron fotografiados los caminos que el agua acostumbraba recorrer y a pesar de ello nosotros incrédulos o soberbios seguimos ignorando los consejos y las lecciones que el agua nos daba Yo recuerdo con apenas seis años intentar cruzar el puente que comunicaba la ciudad de Santa Cruz de La Palma de una parte a otra del casco viejo un puente que en mi imaginación infantil semejaba los medievales Pues bien de un lado y de otro veías pararse a la gente y no atreverse a cruzarlo cuando las aguas corrían por debajo de él Llegaban desde muy arriba desde la misma cumbre parecía bajar aquel torrente hasta desembocar en el mar Ahí mismo ahí donde hoy una ballena estrepitosa de mentirijillas que parece haber quedado varada para desconcierto de niños y navegantes ahí llegaban hasta precipitarse en el mar Luego no volví a verlo correr Sí que vi al que venía por el otro lado de la ciudad y bordeaba el galeón encallado junto al barranco de Las Nieves en la parte norte de la capital de la isla y vi cómo se llevaba por delante maderas y piedras y animales que hacían tanto ruido que parecía retumbar el aire Es que nadie lo recuerda Es que nadie intentó cruzar el Barranco de Las Nieves aquella mañana en que no pudimos ni siquiera ir a la escuela porque los mayores nos hicieron retroceder por La Encarnación hasta El Planto y La Dehesa para evitarnos el daño Es que nadie lo vio conmigo Nadie recuerda ahora el susto y la visión aterradora del barranco lleno de fango y piedras y troncos rotos de los árboles que venía arrastrando desde la cumbre Pues yo sí Yo recuerdo el miedo y el estruendo sentada en un muro del camino viendo aquel espectáculo que no era otra cosa para mi entonces y recuerdo el desconsuelo por no poder llegar al quiosco de La Alameda para comprarme los Pirulines rojos que allí vendían y que toda la vida anduve pensando que era de doña Lola y luego resultó que no era de ella que ella sólo los vendía y su pelo no era azul como yo lo había soñado que era blanco o negro y yo lo mezclaba todo cuando tuve edad para describirlo Lo cierto es que recordando caminos y barrancos vuelvo al agua y al ruido del agua y a los muertos del agua Y de nada de eso puedo culparla Que la culpa no la carga ella sino el hombre que construye sus casas y rotura sus campos donde no debería hacerlo porque el ser humano en su infinita soberbia sigue pensando que todo lo que le rodea le pertenece y puede sacrificarlo en su beneficio Porque somos así y no recordamos lo que los libros cuentan y los abuelos narran mientras fuman su pipa o miran el final del horizonte entre otras cosas porque ya no leemos o porque nos reímos de los ancianos de la tribu que tienen libros dentro de sus cabezas y no olvidan y saben muchas más cosas de las que uno cree saber Elsa López noviembre ,7 de noviembre de 2024,6
 El peronismo aguarda fallo condenatorio contra Cristina Fernández en causa por corrupción , Buenos Aires nov EFE El senador peronista Óscar Parrilli dijo este sábado estar convencido de que la Justicia argentina condenará a la exmandataria Cristina Fernández el próximo martes cuando la Cámara Federal de Casación Penal debe confirmar o modificar la sentencia a seis años de prisión por administración fraudulenta A tres días de que se conozca la resolución judicial por irregularidades en la concesión de obras públicas durante los Gobiernos de Fernández el legislador aseguró que van a intentar proscribirla y meterla presa Van a intentar proscribirla y meterla presa no tengo duda No sé si lo van a lograr pero lo están intentando y lo van a intentar hacer de acá a fin de año Estoy absolutamente convencido dijo Parrilli en declaraciones a la radio AM Fernández apeló la sentencia del Tribunal Oral Federal que la había condenado en diciembre de a seis años de prisión e inhabilitación perpetua para ejercer cargos públicos por el delito de administración fraudulenta de fondos públicos en la causa denominada como Vialidad Según Parrilli a la expresidenta la condenaron porque fue involucrada en una supuesta comunicación telefónica entre los empresarios Cristóbal López y Lázaro Báez quien fue condenado por Vialidad y otras causas relacionadas con la corrupción Se la condenó por otro tema por una supuesta comunicación telefónica entre López y Báez lo cual demuestra que no estamos ante un fallo judicial estamos frente a una medida política de lo más perversa y antijurídica que puede haber agregó el legislador Para Parrilli los grupos de presión económica y la oposición bajo el liderato del expresidente Mauricio Macri intentarán que la Corte Suprema ratifique el fallo y saquen un proyecto de ley llamado ficha limpia que impide a personas condenadas en segunda instancia por delitos de corrupción postularse como candidatos a cargos públicos En realidad es política sucia con la cual piensan proscribir a Cristina Fernández afirmó el legislador de la Cámara Alta Los seguidores de la exmandataria darán una clase pública sobre lawfare en las puertas de Comodoro Py donde esperarán el fallo de Casación Lo importante es que divulguemos el hecho de injusticia de atrocidad jurídica que estamos próximos a ver cometer la próxima semana cuando estos supuestos jueces que jugaban al paddle con Macri estos personajes sumisos van a terminar condenando a Cristina Kirchner el próximo martes cerró Parrilli ,9 de noviembre de 2024,10
 La búsqueda en el agua de los buzos profesionales a los perros que localizan cuerpos , Eva Ruiz Verde València nov EFE Diana es buzo una pieza clave en la búsqueda sin descanso de personas desaparecidas por la dana que asoló Valencia el de octubre Como ella que ha contado a EFE su experiencia profesionales de emergencias desplazados hasta aquí de forma voluntaria rastrean palmo a palmo en el medio acuático con ayuda en algunos casos de perros y siempre con una voluntad inquebrantable Ha llegado con otros buzos profesionales desde distintos puntos de España para ayudar a localizar cuerpos labor que les ha llevado por ejemplo a la localidad de Torrent para intentar encontrar entre otros a los pequeños Rubén e Izan en coordinación con sanitarios bomberos y otros miembros de equipos de rescate Antes de empezar su trabajo escucha atentamente las instrucciones del coordinador del dispositivo y le explica los detalles del equipo que portan que les permite sumergirse sin realizar una inmersión completa en la labor de marcar espacios que pueden ser después rastreados al dedillo por otros profesionales Junto a ella y para permanecer hasta el domingo en la zona han venido efectivos de lugares como San Sebastián o Barcelona como Andrés que conoce todo este área porque vivió durante cinco años en El Perellonet y asegura Por Valencia lo que haga falta Manuel que ha viajado desde Irlanda al escuchar las noticias de la dana explica que la búsqueda en el agua siempre es difícil A estas alturas si hay cuerpos sumergidos deberían empezar a ascender y flotar debido al paso de los días Si no lo hacen es porque hay algo que los está bloqueando detalla Es lo que mejor sabemos hacer y la mejor forma de ayudar afirma Diana que agradece que otras personas lo hagan a través de la labor que cada uno pueda realizar como facilitar comida u hospedaje algo que les ha llegado a ellos personalmente con empresas que se están volcando en ayudar por ejemplo en el municipio de Alfafar donde han puesto a su disposición duchas y elementos de limpieza de los equipos e higiene El barro difícil hasta para el olfato de los perros Jordi es un bombero de la Generalitat de Cataluña que a título particular y como voluntario de una ONG ha llegado a Valencia para buscar cuerpos en el agua con la ayuda de Duna una perra especializada en el hallazgo de cadáveres en el medio acuático La ventaja del perro es que él puede localizar a través del aire y el agua cualquier indicio de que pueda haber un cadáver explica Jordi que detalla que en lugares como la Albufera uno de los puntos en los que se está concentrando la búsqueda la zona es espesa y ellos no pueden acceder El animal realiza esa labor desde fuera aunque la situación con el barro es difícil también para los perros Ellos son expertos en el barro y su nariz es la que define la busca pero en este caso es tan denso que lo dificulta mucho explica el bombero que asegura que el olfato de los perros puede ayudar y define como excepcional el trabajo de los buceadores Cuando uno de estos animales señala un punto en el que cree que puede hallarse un cuerpo se baliza el lugar para que buzos por ejemplo del Grupo Especial de Actividades Subacuáticas GEAS de la Guardia Civil con los que trabajan en este caso en conjunto puedan intentar localizarlo Hay buceadores rescatadores que van peinando todas las zonas y embarcaciones que trabajan a nivel visual a lo que se suman los perros indica Jordi que ha participado antes en operativos de emergencia como los terremotos en Turquía o Marruecos e inundaciones en Libia pero que dice que nunca había visto nada igual a lo ocurrido con esta dana ,9 de noviembre de 2024,14
 Jorge Olcina climatólogo Los trasvases no son la solución al agua en nuestro país , La planificación hidrológica en nuestro país debe cambiar y además no puede depender tanto de la lluvia En un escenario de cambio climático la planificación debe hacerse desde la gestión de la demanda y no desde la oferta continuada Quien lo afirma es Jorge Olcina catedrático de Análisis Geográfico Regional en la Universidad de Alicante Esta semana ofrecía una conferencia en Toledo organizada por la Cátedra del Tajo UCLM Soliss Tras afirmar que el agua es de la Tierra del territorio por el que pasa sugiere adaptar cada territorio al cambio climático No creo que los trasvases sean la solución al problema del agua en nuestro país dice este científico que ha participado en el Grupo Intergubernamental de Expertos sobre el Cambio Climático IPCC Qué va a pasar con el trasvase Pues habrá que verlo pero a los gestores políticos les digo que han de tener un plan B En cuanto a la disponibilidad de agua advierte No podemos esperar tener sistemas agrarios masivos o consumos urbanos masivos Ni aquí ni allí comentaba en alusión a Castilla La Mancha la Comunitat Valenciana la Región de Murcia o Almería destinatarias del agua del trasvase En el caso de la región castellanomanchega a través de la llamada tubería manchega Jorge Olcina fue presidente de la Asociación de Geógrafos Españoles AGE y sobre el agua en general dice que ya no hay conceptos estáticos ni a ni a años No solo habrá que hacer cambios en la agricultura y el turismo y adecuarlos a los recursos hídricos disponibles sino que será necesario el uso de recursos no convencionales Como el agua residual depurada Tenemos ese colchón por delante afirma en particular para las ciudades medianas Deberían estar obligadas a usar el cien por cien de esas aguas depuradas En España ha cambiado la forma de llover especialmente en la Serranía ibérica donde cada vez son menos frecuentes las borrascas atlánticas y eso no solo reduce las aportaciones en la cabecera del Tajo sino que pone en jaque cualquier sistema agrario o urbano Sostiene que cada cinco años habrá que cambiar toda la planificación del agua la territorial también aunque esto último sea más difícil teniendo en cuenta por ejemplo que las sequías son cada vez más cortas e intensas y que los gestores tendrán que empezar a pensar en políticas de sustitución o de compensación en materia hídrica Durante la charla repasaba los que califica de conceptos éticos del agua porque cuando no se respetan hay problemas Se refirió a las disputas crecientes por el líquido elemento a la vez que criticaba la forma depredadora de consumir este y otros recursos naturales cuando el futuro es realmente incierto Tenemos que conseguir seguridad hídrica pero este es un concepto que se ha politizado cuando en realidad hablamos de un concepto científico técnico lamentaba Y es importante porque supone garantizar el abastecimiento de las demandas El catedrático pide evitar conflictos entre territorios a cuenta del agua aunque reconoce que eso será difícil de lograr en nuestro país ahora y en los próximos años de ahí que haga un ofrecimiento que pasa por conseguir que la Ciencia presida el proceso También cree que el agua sigue siendo muy barata en algunas zonas de España Es un problema porque no le damos valor y apuesta por desarrollar sistemas de captación de aguas pluviales para regar o para labores de baldeo en las calles Ya se hace en Barcelona Alicante o Murcia En las ciudades españolas se pierde anualmente una media del del agua de las redes urbanas En algunas hasta un En este sentido se muestra contundente y reclama sanciones especialmente en ciudades que son destino turístico Tampoco sabemos realmente lo que consume la agricultura en España No hay contadores salvo algunas excepciones aunque recordaba que el PERTE de digitalización del ciclo del agua financiado con fondos europeos buscará solucionarlo Durante la conferencia no esquivó la cuestión de las consecuencias de la última DANA Cree que habrá que abordar políticas de gestión del riesgo desde la formación al conjunto de la población y también desde la postura de la racionalidad En España se construye de forma intensa en zonas inundables desde los años y reconoce que eso es un problema serio pero también una oportunidad de hacer las cosas bien Por ejemplo revisando todos los planes de ordenación urbana anteriores a Estamos en los estadios iniciales del cambio climático y es una situación que va a ir a más asegura el científico Por eso cree que hay que empezar a preparar el territorio para lluvias y para sequía Es un escenario claro para las próximas décadas asegura porque hay tres o cuatro países que suponen el de las emisiones de CO₂ Nadie ha cumplido los protocolos de Kioto y de París y eso no ha sido sancionado Habrá un calentamiento creciente ahora estamos en los estadios iniciales aseveraba teniendo en cuenta que un tercio del CO₂ que se emite a la atmósfera tiene como origen la actividad humana Hemos conseguido alterar el balance energético del planeta lamentaba a pesar de los informes que ya en los años del siglo XX alertaban sobre la deriva Se quedaron en un cajón Sobre las posturas negacionistas del cambio climático lo tiene claro No podemos seguir negando lo evidente y no lo digo desde el ámbito político sino desde la Ciencia Yo trabajo con datos Las temperaturas han subido grados de media desde la época preindustrial Jorge Olcina se refirió al hecho de que en los primeros años del siglo XXI tengamos un Sol poco activo que está en estado durmiente y sin embargo es cuando más se han incrementado las temperaturas en la Tierra Hay un desacoplamiento y a eso hay que sumar la acción del hombre ,8 de noviembre de 2024,18
 Recomiendan evitar pasear a las mascotas por las zonas con agua estancada o fango , València nov EFE El grupo de coordinación de la respuesta de Salud Pública ha recomendado este sábado que se evite pasar a las mascotas por las zonas con agua estancada o fango de las poblaciones afectadas por la dana de Valencia Esta ha sido una de las recomendaciones aportadas por este órgano de Salud Pública para los tutores de mascotas que residen en la zona cero de la dana además de la necesidad de consultar a un servicio veterinario si el perro presenta fiebre vómitos diarrea apatía o falta de apetito Además se pide a las personas que sigan las recomendaciones del servicio veterinario sobre las pautas de vacunación y desparasitación El grupo de coordinación de la respuesta de Salud Pública está formado por expertos de la Conselleria de Sanidad del Ministerio de Sanidad del Centro de Coordinación de Alertas y Emergencias Sanitarias CCAES del Instituto Carlos III y de la Agencia Española de Seguridad Alimentaria y Nutrición ,9 de noviembre de 2024,4
 Silvia recuerda su rescate con su marido y sus hijos Pedía que el agua me llevara a mí , Eva Ruiz Verde València nov EFE Silvia volvía en la tarde del de octubre junto a su marido Sergio y sus hijos de y años después de visitar a los abuelos cuando a metros de su casa subieron el coche a la acera porque el agua estaba subiendo un poquito Lo siguiente que recuerda es que pedir que la riada me llevara a mí y no a ellos asegura Todavía con la emoción y la huella de todo lo vivido en su rostro Silvia repasa este sábado las que han sido las peores horas de su vida frente a los agentes de la Guardia Civil Álvaro y Alejandro que durante la noche de la riada pusieron a salvo a toda la familia junto a otras personas que habían quedado atrapadas en la glorieta de entrada al polígono de Ribarroja Valencia Creo que tengo un ángel de la guarda una flor en el culo o que a lo mejor Dios nos quiere porque si no no me lo explico asegura Silvia que a día de hoy cuenta que perdió completamente la noción de tiempo y espacio durante las más de doce horas que pasaron en el agua hasta su rescate La crecida del agua hizo flotar su vehículo hasta que llegó un momento en el que sin saber cómo el coche desapareció y ellos se quedaron en el agua cada uno con uno de los niños que habían reaccionado de distinta manera el pequeño no hablaba la mayor no dejaba de gritar Vehículos a la deriva hicieron una especie de plataforma en la que pudieron protegerse al estar rodeados por ella hasta que vieron un camión de reparto de butano y pidieron al conductor poder dejar a los niños a refugio durante un tiempo Cuando las circunstancias lo permitieron Silvia y Sergio treparon al techo de uno de los coches hasta donde llegaron después los dos agentes de la Guardia Civil que habían empezado a trabajar a última hora de la tarde sin tener conciencia todavía de lo que estaba pasando y de cómo iba a ser la noche Lo primero que hicieron fue encontrar un camino de unos metros lleno de agua al final del cual había gente atrapada Teníamos que sacarla de allí porque no sabíamos qué podía pasar después relata Alejandro que añade que se decidieron a cruzar sin ninguna duda Atravesamos como pudimos y fuimos preguntando vehículo a vehículo hasta que nos dijeron que había niños que ya se convirtieron en nuestra prioridad añade Álvaro que precisa que intentaron darles calor hablar con ellos e intentar relajar la situación Explican que hubo un momento de tranquilidad cuando consiguieron poner a los niños a salvo y asegurar al menos eso y que a partir de ahí ya fue toda la noche así sacando gente sin parar todo el rato yendo nave por nave en la zona del polígono y encontrando en algunas personas en otras y en otras hasta En una situación como esta cuentan los agentes no da tiempo a pensar mucho si tu compañero da un paso adelante tú vas detrás no piensas en qué puede haber después porque en ese momento hay gente que te necesita Ellos afirman que psicológicamente es de las experiencias que más les han impactado mientras Silvia asegura que sus hijos siguen haciendo comentarios que muestran su reacción ante aquel día Hoy el pequeño me ha dicho desayunando que no quiere que vuelva a llover tanto como ese día explica la mujer que muestra su orgullo también por cómo se portaron los pequeños y lo valientes que fueron además de mostrar a Álvaro y Alejandro su agradecimiento infinito ,9 de noviembre de 2024,13
