Titular,Cuerpo_limpio,Puntaje_de_representatividad
Israel halla instalaciones de Hizbulá a 200 metros de una base de la FINUL en Líbano,jerusalén nov efe ejército israel aseguró viernes haber hallado centro entrenamiento grupo chií hizbulá metros base misión onu líbano finul mantenido varios incidentes principios octubre soldados israelíes atacado cascos azules milicianos utilizaban complejo entrenar estudiar almacenar grandes cantidades armas recogió comunicado fuerzas armadas hoy según lugar lanzaderas cohetes preparadas atacar territorio israelí redada lugar tropas encontraron documentos describen pautas actuación hizbulá mapas israel información equipamientos ejército israelí trampillas túneles armas complejo desmantelado termina comunicado israel lanzó invasión sur líbano madrugada octubre autoridades apelado varias ocasiones finul abandonar región misión naciones unidas negado mientras producido numerosos incidentes tropas israelíes cascos azules instalaciones encontraban ayer cinco operativos finul resultaron heridos viajaban coche ciudad sureña sidón verse afectado ataque drones israelí mató tres personas largo octubre misión denunció incidentes proyectil israelí impactó base ciudad naqoura hirió dos cascos azules pasado octubre dos tanques israelíes entraron instalaciones finul área ranyah pasado octubre ocho cascos azules resultaron heridos leves impacto proyectil israel base naqoura año intercambio fuego israel hizbulá torno frontera líbano acabado vida personas país mayoría ejército israelí intensificó campaña bombardeos país vecino pasado septiembre fuerzas armadas estiman milicianos grupo chií lado israelí personas fallecido ataques lanzados líbano cuales civiles además soldados muerto combate sur país vecino mantienen invasión terrestre pasado octubre,0.17162816723205132
Ascienden a 40 los muertos en una oleada de bombardeos de Israel contra el este del Líbano,beirut nov efe menos personas murieron resultaron heridas miércoles oleada bombardeos efectuados israel región líbano jornadas violentas zona inicio campaña aérea israelí hace mes gobernador región nororiental bachir khodr dijo cuenta x saldo víctimas resultado incursiones aéreas realizadas aviación israelí todavía continúan trabajos remoción escombros lugar atacado según ministerio salud pública mayor número víctimas registró localidad naseriya cercana paso fronterizo masnaa siria líbano personas murieron resultaron heridas asimismo menos nueve personas perecieron quince resultaron heridas bombardeo barrio shaiqan histórica ciudad baalbek población ejército israelí ordenado evacuar múltiples ocasiones últimos días ministerio registró fallecidos heridos siete localidades tamnine tahta ram sharqi shawagir ain ansar balmira nasiriya anteriormente agencia nacional noticias libanesa nna informado víctimas localidad fronteriza siria mishrifa norte hermel ministerio advierte operaciones rescate continúan marcha continúa búsqueda desaparecidos escombros últimas semanas israel intensificado bombardeos líbano zonas fronterizas siria territorio puesto ejército judío alega grupo chií libanés hizbulá almacena armas municiones región oriental país cedros personas muerto millones visto desplazadas solo líbano inicio choques israel hizbulá octubre día después estallido guerra franja gaza embargo estima alrededor personas muerto solo septiembre ejército israelí lanzó campaña bombardeos masiva diferentes puntos líbano semana después inició invasión terrestre sur,0.1864541887151544
Al menos 60 muertos en bombardeos israelíes contra Líbano desde el martes por la noche,martes noche miércoles tarde ataques aéreos israel dejado decenas víctimas mortales además heridos según distintas fuentes defensa civil libanesa encarga rescate muertos heridos recuperado cuerpos debajo escombros edificio apartamentos localidad barja tal recoje agencia noticias ap ataque lugar noche martes aviso previo según ap barja encuentra sur beirut sido blanco habitual ataques israelíes comenzó ofensiva líbano finales septiembre población mayoritariamente suní mientras aviación israelí objetivo zonas mayoría chií grupo hizbulá mayor presencia apoyo precisamente miércoles israel atacado provincia baalbek hermel líbano considerado bastiones hizbulá menos personas muerto sufrido heridas total bombardeos israelíes provincia tal anunciado gobernador través red social bachir khodr ofrecido detalles parte ejército israelí informado ataques provincia baalbek hermel notificiado lanzamiento proyectiles líbano israel horas locales españa día hoy según agencia nacional noticias libanesa ann menos cinco personas murieron bombardeo barrio shaiqan histórica ciudad baalbek población ejército israelí ordenado evacuar múltiples ocasiones últimos días ann citada agencia efe indicado siete personas perdieron vida localidad fronteriza siria mishrifa equipos rescate contabilizado varios heridos continúan trabajos desescombro número víctimas mortales podría aumentar parte ataque aéreo efectuado primera hora mañana ciudad ain oriental valle bekaa provocado siete muertos dos heridos destrucción completa casa según ann últimas semanas israel intensificado bombardeos líbano zonas fronterizas siria alegando hizbulá almacena armas municiones región oriental país pasado acusado grupo chií recibir armamento irán través territorio sirio solo respondemos socios socias personas creen trabajo importa si lees habitualmente crees periodismo valores pedimos colaboración podamos seguir siendo independientes llevará menos minuto puedes hacerlo aquí cuotas van parezca cantidad pequeña sumada muchas personas hace posible personas pequeñas decisiones pueden hacer grandes posible periodismo independiente última hora miércoles israel atacado vez suburbios sur beirut sido duramente golpeados aviación asesinado líder hizbulá hasán nasrala finales septiembre ejército israelí informado atacado centros mando almacenes armas infraestructura terrorista área dahie tal denomina gran barriada sur capital octubre año pasado hizbulá israel empezaron intercambiarse fuego casi diario fallecido líbano personas resultado heridas gran mayoría pasadas semanas ejército hebreo emprendió campaña bombardeos invadió tierra sur país vecino,0.21055310174558858
Nuevos bombardeos al sur de Beirut tras 40 muertos en oleada de ataques al este del Líbano,beirut nov efe aviones combate israelíes lanzaron jueves varios bombardeos suburbios sur beirut según cadena televisión libanesa jadeed después menos personas murieran tras ataques ejército israelí miércoles región líbano cadena televisión libanesa asegura menos cuatro bombardeos madrugada jueves barrios sur beirut concreto zonas haret hreik tahouitet ghadir i aún información objetivos atacados si víctimas miércoles aviones israelíes lanzaron menos dos bombardeos suburbios sur beirut conocidos dahye después ejército israel emitiera orden evacuación barrio zona tras asegurar alberga instalaciones grupo chií libanés hizbulá madrugada registro avisos evacuación canales comunicación ejército israelí dahye convertido extrarradio fantasma israel inició campaña bombardeos masiva líbano pasado septiembre inicialmente concentró suburbio meridional beirut lado menos personas murieron resultaron heridas miércoles oleada bombardeos efectuados israel región líbano jornadas violentas zona inicio campaña aérea israelí hace mes últimas semanas israel intensificado bombardeos líbano zonas fronterizas siria territorio puesto ejército judío alega grupo chií libanés hizbulá almacena armas municiones región oriental país cedros personas muerto millones visto desplazadas solo líbano inicio choques israel hizbulá octubre día después estallido guerra franja gaza embargo estima alrededor personas muerto solo septiembre ejército israelí lanzó campaña bombardeos masiva diferentes puntos líbano semana después inició invasión terrestre sur,0.19339349986615442
Israel anuncia la muerte de otro comandante de Hizbulá y prosigue su ofensiva en Líbano,jerusalén nov efe ejército israelí anunció miércoles muerte comandante grupo chií hizbulá región jiyam identificó husáin abd halim harb mientras prosigue ofensiva sur líbano israel acusó miliciano ejecutar numerosos ataques cohetes comunidades galilea zona metula particular según comunicado castrense fuerzas israelíes mataron además varios milicianos ataques aéreos sur líbano identificaron tratando lanzar cohetes norte israel metula murieron semana pasada agricultor israelí cuatro trabajadores tailandeses tras impacto cohete plantación manzanos israel comenzó escalada bélica hizbulá líbano finales septiembre civiles perdido vida ataques chiíes norte país muerto soldados israelíes combate sur líbano norte israel lado bombardeos israelíes hizbulá concentrados sur líbano suburbios sur beirut matado millar personas obligado millón huir,0.17413090935982306
"Barja, una localidad suní del Líbano, objetivo de una nueva masacre israelí con 30 muertos",noemí jabois barja líbano nov efe anoche hassan souleiman lograba conciliar sueño solo piso barja zona mayoría suní apenas kilómetros sur beirut decidió prepararse pipa agua primera calada rota bombardeo mató menos treintena vecinos hassan resultó herido brazo pierna afortunado familia encontraba edificio salvó última masacre cometida israel líbano menos muertos tres heridos según último balance ofrecido defensa civil libanesa familia minutos ataque ir sitio marido hermana hijos dios protegió dice efe hombre frente queda inmueble atacado anoche parcialmente derrumbado equipos rescate aún buscan potenciales desaparecidos escombros inmueble colindante sufrió daños significativos mientras supervivientes vecinos arremolinan zona espera operarios excavadora den buenas malas noticia noche oscura tratando dormir lograba así hice senté aquí junto puerta negra senté oí misil llegara ataque ocurrió relata hassan brazo cabestrillo dentro sudadera quemadura pierna causa explosión vivía planta baja edificio hacía mes después verse desplazado segunda vez año conflicto tras estallido enfrentamientos israel grupo chií libanés hizbulá octubre familia abandonar hogar aita shaab cerca frontera facto judío trasladó zona meridional tiro embargo israel inició intensa ofensiva aérea líbano hace mes medio tiro prácticamente ninguna localidad sur país seguras población alrededor millones personas hassan visto desplazadas país campaña bombardeos concentrado principalmente sur nación suburbios sur beirut mayoría chií producen forma cada vez menos esporádica localidades focos pobladas comunidades suelen tener objetivo edificios alojan desplazados sur país acusan israel tratar crear tensiones internas comunidades tipo acciones mustafa damaj miembro defensa civil libanesa desplegado lugar ataque barja explica efe hecho aquí residía porcentaje bajo desplazados mujeres niños acuerdo rescatista mayoría víctimas mortales halladas equipos mujeres niños mientra miércoles continúan labores búsqueda confirmada presencia desparecidos claro cuántos podrían ser según información recabada vecinos podría haber gente dicen diez ocho realizando labores rescate proceso retirada escombros cuidado caso alguien debajo afirma rescatista excavadora va apartando restos edificio vinieron abajo impacto desprendieron derrumbe parcial provocado efectivos evitar riesgos labores búsqueda lados suponían amenaza realizar operaciones rescate bajo así quitamos riesgo maquinaria indicó damaj vecino pide anonimato lamenta lugar hechos cómo pasado europa unidos quisieron llevarse recursos cambio paz mintieron critica reflejando frustración libaneses medio enésima guerra país mientras donald trump baila elecciones niños asesinados armas estadounidenses agrega después candidato casa blanca declarara victoria recientes comicios efe foto vídeo,0.16643691988395434
Israel destruye bases subterráneas de Hizbulá en el sur de Líbano y prosigue su ofensiva,jerusalén nov efe ejército israelí mantiene ofensiva sur líbano últimos días destruyó par bases subterráneas grupo chií hizbulá cercanas frontera según comunicado castrense operaciones tropas brigada ubicaron infraestructura subterránea bajo zona montañosa extendía metros equipada suministros largas estancias soldados encontraron estructura subterránea armas dependencias ambas estructuras destruidas armas confiscadas israel lanzó ofensiva terrestre hizbulá pasado octubre bajo premisa grupo preparando lanzar invasión galilea después comenzar intensa campaña bombardeos líbano mes matado millar personas acabado cúpula grupo chií considerado satélite irán poderoso martes ejército aseguró haber abatido ataque aéreo varios milicianos hizbulá amenazaban tropas proyectiles antitanque sur líbano mientras fuerzas israelíes interceptaron dos drones lanzado grupo libanés resistencia islámica irak norte sur israel respectivamente martes pleno proceso negociaciones lograr alto fuego israel hizbulá medio digital israelí ynet aseguró ejército retirado varias brigadas sur líbano descansar aunque todavía espera ofensiva prolongue semanas efe preguntó ejército retirada brigadas recibió foto vídeo,0.17255796225775605
"Unesco asiste al Líbano para proteger las piezas más valiosas de Tiro, Sidón y Baalbek",naciones unidas nov efe organización onu educación cultura unesco prestando asistencia gobierno líbano proteger piezas arqueológicas expuestas sitios tiro sidón ambas sur baalbek ricos artefactos antiguos portavoz secretaría general stéphane dujarric precisó martes rueda prensa asistencia unesco consiste inventario artefactos correspondiente traslado locales apropiados seguros dentro país hace coordinación dirección antigüedades líbano precisó ayer lunes primer ministro libanés najib mikati lanzó llamado proteger patrimonio arqueológico después israel atacado recientemente localidades baalbek tiro albergan lugares arqueológicos declarados patrimonio humanidad organización mikati refirió específicamente ataques tiro metrópolis antiguas mundo ubicada sur líbano oriental baalbek alberga imponente complejo ruinas grecorromanas llamamos alto fuego inmediato detener violencia absurda proteger patrimonio cultural país incluidos lugares arqueológicos antiguos baalbek tiro indicó mikati pidió consejo seguridad onu adopte medidas rápidas determinantes proteger sitios necesario trabajemos juntos garantizar preservación lugares próximas generaciones señaló nota vecina siria restos arqueológicos sido colaterales guerra década pasada importantes daños conjunto palmira mismo sucedió irak caída régimen sadam huseín trajo consecuencia saqueo museo bagdad cuyas piezas quedaron dispersadas mundo,0.10300087579422308
Israel intercepta dos drones lanzados desde Líbano y dos desde “el este”,jerusalén nov efe ejército israelí anunció lunes intercepción serie drones disparados territorio cuales dos provenían líbano dos referencia habitual fuerzas armadas israelíes proyectiles disparados resistencia islámica irak dos objetos voladores identificados interceptados tras infiltrarse territorio israelí dos interceptados israel recogió comunicado castrense respecto hacia hora local gmt fuerzas aire neutralizaron dos drones sur altos golán territorio sirio ocupado israel israel suele aludir drones lanzados resistencia islámica irak procedentes si bien ahora fuerzas armadas confirmado primer ataque autoría grupo además ejército aseguró largo mañana dos andanadas cohetes dirigieron líbano hacia galilea occidental noroeste país alta galilea norte grupo chií libanés hizbulá reivindicó mañana lanzamiento serie cohetes dirigidos ciudad israelí safed alta galilea ejército atacó lanzadera dispararon proyectiles alta galilea hacia gmt anunció después comunicado castrense lado fuerzas armadas anunciaron muerte bombardeo abu ali rida comandante hizbulá área baraachit localidad sur líbano diez kilómetros frontera israel abu ali rida responsable planear ejecutar ataques cohetes misiles antitanque tropas supervisaba actividades milicianos hizbulá zona informó ejército israelí además tropas intervienen invasión terrestre sur líbano pasado octubre atacaron estructura hizbulá situada cerca frontera israel israel mantiene intercambio constante fuego torno frontera líbano hizbulá comenzó disparar cohetes hacia sur octubre año pasado solidaridad población gazatí tras inicio guerra franja octubre septiembre año ejército israelí intensificó ataques líbano dura campaña bombardeos sur país valle becá beirut entonces ahora cerca personas muerto líbano ataques israelíes mayoría último mes según ministerio sanidad libanés,0.18551358500492052
El sur del Líbano estrena un hospital para quemados por el fósforo blanco de las bombas,rosa soto sidón líbano nov efe pasillos prácticamente vacíos instalaciones estrenar personal médico ultimando detalles inaugurar mañana martes hospital turquía edificio nuevo dentro complejo hospitalario sidón sur líbano especializado quemaduras causadas fósforo cirugías reparación heridos guerra entrada sillas ruedas esperan alineadas mientras bedel acaba pasar mopa sanitario empuja camilla hacia nuevos boxes urgencia entrarán martes funcionamiento objetivo atender personas heridas llegarán derivadas hospitales zona hospital turquía especializado urgencias heridas guerra quemaduras mañana abriremos oficialmente empezar recibir urgencias casos requieran tratamiento traumatológico tratamiento quemaduras especialmente causadas fósforo confirma efe directora general nuevo hospital mona mustafa teryaki organizaciones human right watch hrw autoridades libanesas denunciado anteriores ocasiones uso armas prohibidas parte israel fósforo blanco sustancia expone oxígeno provoca reacción química capaz causar quemaduras graves pueden adentrarse hueso ello uso fósforo blanco personas prohibido convención ginebra israel niega reiteradamente uso sustancia química pese hrw documentó utilización líbano franja gaza serie ataques octubre pasado año apertura parcial martes entrará funcionamiento instalaciones sólo dos quirófanos diez camas piso quirúrgico postoperatorio cuatro camas quemaduras cuatro camas cuidados intensivos diez camas urgencias capacidad total camas finalidad tratar exclusivamente personas quemaduras conflicto heridos guerra vienen cirugías programadas antemano trasladan hospital coordinación comité crisis ministerio salud pública detalla teryaki ello quieren priorizar tratamiento pacientes sufren heridas provocadas ataques israelíes evitar servicios sanitarios colapsen presencia personas buscan atención cualquier patología recalca ala específica tratamiento ambulatorio quemaduras si alguien afectado quemaduras puede venir aquí hospital trata atención médica necesaria va casa explica especialidad dispone tratamientos largo plazo casos paciente necesita dormir aquí cuatro camas mayoría vienen través urgencias reciben tratamientos van agrega ocho hospitales servicio apertura centro hospitalario enmarca acciones ministerio salud pública libanés atender mayor diligencia población afectada bombardeos israelíes provocado ocho hospitales completamente servicio indicó lunes titular cartera firas abiad visita hospital denunció ejército israel continúe lanzando ataques personal médico ambulancias instalaciones sanitarias últimas horas provocado graves daños hospital gubernamental tibnin así hospital gubernamental baalbek además atacar perímetro hospital hiram región tiro sabe ataques israelíes provocado cierre ocho hospitales afirmó inicio conflicto israel grupo chií libanés hizbulá ejército israelí atacado dejado servicio numerosos hospitales salah ghandour bint jbeil cinco kilómetros frontera considerar escondía centro mando organización libanesa cuatro hospitales sur líbano quedado completamente servicio gubernamental meiss jabal dos bint jbeil marjayún administración denunció haber sido objeto ataques fósforo centro médico santa teresa suburbios sur beirut momento personas muerto casi resultado heridas ataques lanzados israel líbano último año aunque inmensa mayoría víctimas producido pasado septiembre judío inició campaña bombardeos masiva país,0.14754179444663024
"Borrell: “Ucrania tiene que estar en la mesa, no en el menú”",si actor actúan alto representante josep borrell suma voces apremian ue reforzar capacidades casa enfrentar posibles consecuencias regreso donald trump casa blanca jefe diplomacia europea pone énfasis ucrania temores líder populista cierre grifo ayuda promocione fin guerra suponga básicamente rendición kiev frente vladímir putin si mesa juego geopolítico menú ucrania mesa menú expresado borrell llegada reunión informal líderes ue celebra budapest analizando recetas propuso exprimer ministro italiano mario draghi reforzar competitividad expresidente banco central europeo asegurado recomendacones vuelto aún urgentes después elecciones eeuu cabe duda presidencia trump marcará gran diferencia relaciones eeuu europa advertido draghi concedido ser necesariamente afectación negativa coincide toda dirigencia europea viejo continente debe preparado depender mismo única receta sobrevivir unida construir europa fuerte soberana capaz enfrentar desafíos mundo subcontratar seguridad nadie dicho borrell europeos unidos cada solo cuenta mundo mundo gigantes proseguido borrell apuntado necesidad reforzar capacidad seguridad tecnología advertido político catalán importa pase casas importa pasa casa pesar preocupación supone nuevo mandato trump ue incertidumbre supone falta predictibilidad posibles consecuencias económicas recrudecimiento guerra comercial mensaje tratan lanzar líderes tranquilidad confianza propias capacidades solo respondemos socios socias personas creen trabajo importa si lees habitualmente crees periodismo valores pedimos colaboración podamos seguir siendo independientes llevará menos minuto puedes hacerlo aquí cuotas van parezca cantidad pequeña sumada muchas personas hace posible personas pequeñas decisiones pueden hacer grandes posible periodismo independiente economías fuertes países cuentan sofisticados sistemas defensa representamos si decidimos ser conscientes representamos geopolítica comercialmente poder increíble mercado millones personas tan unido historia intereses valores reúne torno mesa animó jueves francés emmanuel macron homólogos sentados comunidad política europea congrega países ue vecinos reino unido ser dueños destino kamala harris trump sino hijos expresó presidente consejo europeo charles michel europa puede cambiar mundo puede cambiarse misma hacer frente mundo cambiante dijo primer ministro griego kyriakos mytsotakis europa lista valerse misma punto vista seguridad apuntó belga alexander croo cita convirtió especie terapia grupo,0.14126656937204757
El Kremlin dice que disposición de Putin a hablar con Trump no cambia objetivos en Ucrania,moscú nov efe kremlin declaró hoy disposición presidente ruso vladímir putin diálogo presidente electo unidos donald trump supone cambio objetivos operación militar especial rusia territorio ucraniano presidente putin nunca dicho objetivos operación militar especial cambien contrario repetido repetidamente siguen siendo mismos afirmó portavoz presidencia rusa dmitri peskov rueda prensa telefónica diaria recalcó asunto concierne intereses seguridad rusia rusos viven allí putin intervención ayer club debate valdái habló cambio objetivos sino abierto diálogo solucionar conflicto putin hablado muchas veces disposición diálogo todas partes interesadas aquellos puedan contribuir resolución conflicto recordar falta dijo peskov intervención anoche putin felicitó trump victoria electoral declaró disposición mantener pronto contactos futuro presidente estadounidense celebró cumbre helsinki mediados mandatario ruso subrayó moscú decidido allanar camino arreglo largo plazo forma ucrania convierta independiente soberano aunque renglón seguido aseguró frontera ucrania debe pasar decidan ciudadanos residen llamó territorios históricos rusos decir cuatro regiones ucranianas anexionadas moscú donetsk lugansk jersón zaporiyia junio pasado presidente ruso puso condición paz ucrania retire tropas donbás sur país renuncie planes ingresar otan tras kremlin anunciaría inmediato cese fuego comienzo negociaciones arreglo conflicto,0.12116599658339913
Ucrania trata de contener la escalada rusa por tierra y aire y espera movimientos de Trump,kiev nov efe ucrania sigue tratando contener escalada tierra aire rusia baja pistón ofensiva incrementa ataques aéreos drones bombas aéreas ciudades ucranianas frente retaguardia tiempo kiev esperan incertidumbre primeros movimientos presidente electo eeuu donald trump guerra prometido poner fin inmediato declaraciones medios realizadas jueves noche budapest celebró cumbre comunidad política europea cpe presidente volodímir zelenski explicó informado trump planes lograr solución negociada llamada telefónica felicitó victoria electoral martes seguro final rápido guerra supone pérdidas ucrania dijo zelenski puedo verlo manera ahora quizá sabemos vemos necesitamos tiempo dijo zelenski respuesta pregunta periodista alternativa ayuda eeuu plantearon posibilidad trump cierre grifo ayuda ucrania abogado vehemencia entorno líder republicano presidente ucraniano propuso países europeos transfieran kiev millones dólares activos rusos éstos congelados aplicación sanciones zelenski argumentó defensa posibilidad vista reticencia comunidad internacional precedente sentaría activos cada gobierno países hostiles ucrania derecho recibir dinero compensación daño sufrido agresión rusa llegada capital añadió líder kiev permitiría ucrania seguir comprando armas haciendo frente invasión militar rusa incluso si trump decidiera dejar enviar asistencia mientras pide europa tome medidas audaces llenar vacío supondría hipotética retirada apoyo washington zelenski trata congraciarse presidente electo eeuu destacando importancia liderazgo fuerte trump dice representar mejor vía dar salida guerra términos favorables kiev eeuu conjunto occidente contexto zelenski reactivado últimas horas campaña diplomacia pública eeuu francia reino unido tres países proporcionan misiles mayor alcance ucrania permitan atacar armamento objetivos militares dentro rusia decisiones drásticas salir bloqueo zelenski dirigentes ucranianos mostrado últimas semanas frustración actitud actual administración demócrata eeuu respondido positivamente reclamaciones ucranianos consideran vitales poder defenderse garantías poder dar vuelco guerra favor últimas horas fuerzas rusas lanzado ucrania numerosos misiles bombas aéreas guiadas cerca centenar drones kamikaze shahed destruido varias viviendas provocado muerte decena civiles ciudades zaporiyia odesa járkov zelenski subrayó líderes europeos reunidos budapest destruir bases dentro rusia aviones lanzan bombas aéreas misiles ciudades posiciones ucranianas mejor forma neutralizar ataques siembran diario terror población degradan capacidades ejército según maskim skripchenko centro diálogo transatlántico kiev impaciencia mostrado trump resolver conflicto armado ucrania presenta riesgos oportunidad ucranianos puedan beneficiarse decisiones drásticas llegando presidente joe biden casa blanca especie bloqueo demócratas dijo skripchenko declaraciones efe esperanza aferra administración ucraniana experto viajado varias veces washington últimos meses forjar contactos kiev entorno considera balanza haga nueva administración republicana respecto intereses rusia ucrania inclinará gran medida función equipo asesores elija presidente electo espero nueva administración compuesta neófitos experiencia política exterior sino gente inteligente conocimientos remacha skripchenko teme elección primer tipo asesores permita rusia manipular trump hacia resolución guerra términos propicios moscú marcel gascón,0.1560491036699263
Rusia vuelve a atacar Ucrania con cerca de cien drones Shahed y mata a un civil en Odesa,kiev nov efe fuerzas rusas lanzaron pasada noche nuevo ataque masivo ucrania emplearon cerca centenar drones kamikaze iraníes shahed según informó fuerza aérea ucraniana parte viernes total drones lanzados defensas aéreas ucranianas interceptaron desviaron trayectoria contramedidas guerra radioelectrónica pudo evitar persona muriera nueve resultaran heridas región portuaria mar negro odesa ataque según autoridades región ucraniana drones rusos dañaron varios edificios residenciales explosiones produjeron ataque provocaron desperfectos escuelas ciudad fragmentos drones causaron daños dos conductos distribución gas además odesa defensas aéreas ucranianas activaron regiones járkov sumi noreste jmelntiski oeste rusia ataca diario territorio ucraniano número creciente drones shahed ahora produce propias fábricas tras adquirir tecnología irán,0.10672648996103241
Michel: la UE sigue “fuerte” en su apoyo a Ucrania y no puede ser “débil” con Rusia,budapest nov efe presidente consejo europeo charles michel aseguró jueves ue mantiene fuerte apoyo ucrania defendió puede ser débil frente rusia mandando mensaje equivocado resto mundo incluido china así expresó ex primer ministro belga después cena líderes bloque budapest mantenido primer intercambio victoria donald trump elecciones estadounidenses martes relaciones ambas partes adelante fuerte apoyo ucrania colegas entienden bien apoyar ucrania fortalecer ucrania reforzarnos mismos defendió declaraciones medios michel hizo declaraciones pocas horas después primer ministro hungría viktor orbán anfitrión cita defendiese ue replantearse alcance ayuda kiev eslovaco robert fico sostuviese gobierno apoyará ue asuma responsabilidad financiera completa ucrania caso ee uu deje ayudar kiev mensaje pasar colegas estadounidenses aliados mundo si débiles rusia señal mandando resto mundo incluido china añadió michel michel dijo trump participó forma telemática reunión líderes especulado víspera aseguró conversación futuro presidente transmitió mensaje ue quiere tener cooperación estrecha administración temas posibles incluyendo futuro ucrania futuro apoyo común ucrania presidente consejo insistió ue preparada defender interés europeo ser responsable propio futuro incidió solo debe tomar decisiones importantes sino ejecutarlas líderes dijeron implementar ser efectivos tomar decisiones impacto dijo michel debate mantenido cena líderes europeos ue insistió político belga agenda estratégica clara pasa reforzar base económica mejorar competitividad mostrar ambición seguridad defensa tener mayor compromiso resto mundo,0.12655842671781603
Zelenski: “Hacer concesiones a Putin sería inaceptable para Ucrania y un suicidio para Europa”,elecciones unidos derivadas geopolíticas ucrania asuntos clave tras victoria donald trump siempre defendido podría acabar guerra horas aclarar cómo muchas miradas posaron kiev presidente ucraniano volodímir zelenski llamó líder republicano felicitarle tratar garantizarse apoyo esperamos américa fuerte tipo unidos europa necesita europa fuerte américa necesita dicho líderes europeos reunidos comunidad política europea discurso lanzado varias pullas hacer concesiones putin inaceptable ucrania suicidio europa advertido zelenski referido obstante trump parte discurso pesar gran temor aliados nuevo presidente eeuu imponga ucrania ceder rusia deslizado antiguos asesores dirigido punto ucraniano sido presentes cita comunidad política europea congrega países ue vecinos así reino unido siguiente europa buscar favor kim esperanza deje europa paz ningún líder fuerte ayudado construir europa unida fuerte paz imaginaría siquiera hacer reprochado advertir hacerse ilusiones mostrando debilidad vendiendo posiciones europeas prestigio cualquier país europeo puede comprar paz justa sencillamente funciona así paz recompensa sólo fuertes defendemos palabras rusas sino ataques rusos necesitamos armas suficientes apoyo conversaciones proseguido zelenski discurso bastante duro hecho casa viktor orbán actuaba anfitrión cita budapest hungría ostenta presidencia rotatoria consejo ue semestre afeado forma genérica relación países europeos rusia abrazos ayudarán dicho mencionar nadie tampoco principal aliado putin club comunitario ustedes llevan años abrazándole cosas hacen empeorar agregado guerra visto fracasar ciertos planteamientos europeos ejemplo cuanto cerca país rusia debilita concepto neutralidad agregado zelenski lanzado reproche aliados enfrían entrada país otan rápida adhesión finlandia suecia otan demostró cómo dirigentes europeos alianza conciben realmente seguridad garantizada palabras sino través otan ucrania tomado buena nota ello solo respondemos socios socias personas creen trabajo importa si lees habitualmente crees periodismo valores pedimos colaboración podamos seguir siendo independientes llevará menos minuto puedes hacerlo aquí cuotas van parezca cantidad pequeña sumada muchas personas hace posible personas pequeñas decisiones pueden hacer grandes posible periodismo independiente tampoco citado expresamente paz orbán emprendió verano asumió presidencia consejo ue llevó moscú kiev china washington provocando gran enfado resto socios dejado claro plan paz abiertos cualquier idea constructiva lograr paz justa país corresponde ucrania decidir debe debe figurar orden día poner fin guerra factura guerra debería enviarse rusos ucrania rusia pueda seguir imponiendo falsas pretensiones mundo báltico balcanes cualquier país cualquier dirigente respete derecho internacional mesa debería entender depredadores siempre exigen ganancias sentenciado,0.15956402056714128
"Vucic pide a Europa hablar ya de “una tregua en la guerra de Ucrania, no de quién ganará”",budapest nov efe presidente serbia aleksandar vucic pidió jueves budapest alto fuego guerra ucrania país invadido rusia importar quién saldrá vencedor existe ganador guerra mensaje clave empecemos hablar finalmente tregua quién ganará creo ganador guerra paz beneficiosa mundo europa particular expresó vucic medios serbios llegar cumbre comunidad política europea cpe mandatario serbio mantiene buenas relaciones rusia presidente vladimir putin subrayó personas entienden defensa tregua presidente populista serbia explicó líderes reunidos considerarán escenarios futuro luz victoria donald trump europa actuar estratégicamente responsabilidad tomar decisiones estratégicas dedicarse trivialidades procedimientos burocráticos mirar realidad manera diferente hizo ahora sostuvo serbia país candidato ingresar unión europea ue aplica sanciones rusia adoptó bloque respuesta invasión ilegal ucrania febrero,0.127496712798811
“Un regalo para el Kremlin”: incertidumbre por el futuro de Ucrania tras la victoria de Trump,victoria donald trump sumido ucrania incertidumbre tristeza kremlin diciendo objetivo subyugar vecino variado espera trump probablemente ponga fin ayuda militar estadounidense volodímir zelenski felicitado trump impresionante triunfo electoral valoro compromiso presidente trump idea través fortaleza asuntos globales decía mensaje presidente ucraniano zelenski recordó gran encuentro trump celebraron septiembre nueva york dijo hablado mecanismos ponerle fin agresión rusa ucrania elogió liderazgo decisivo trump recordó fuerte apoyo bipartidista ucrania unidos probable segunda presidencia trump genere consecuencias complicadas ucrania momento rusia avanza campo batalla ritmo veloz asistencia militar eeuu ucrania podría perder terreno provincia donetsk libra encarnizado combate vladímir putin ordenó invasión gran escala país hace casi tres años así muchas líneas frente ministerio asuntos exteriores rusia comunicado moscú tratará trabajar futura administración trump objetivo sigue siendo lograr objetivos fijados operación militar especial término kremlin refiere guerra condiciones cambiado washington bien conocidas decía texto dimitri peskov portavoz kremlin dicho conocimiento ningún plan putin llamar felicitar trump victoria cualquier posible reajuste política rusia eeuu llevará tiempo añadido repetidas ocasiones dicho eeuu puede contribuir terminar conflicto pueda hacerse noche mañana eeuu potestad cambiar trayectoria política exterior dicho peskov rueda prensa diaria trump dijo ocasión podría poner fin década guerra cuestión horas vance vicepresidente escéptico declarado refiere kiev dicho verdaderamente preocupado ocurra ucrania forma u cierto zelenski cada vez harto administración biden presidente saliente unidos concedido ucrania permiso utilizar armas occidentales largo alcance objetivos militares dentro rusia según orysia lutsevych directora foro ucrania centro británico estudios chatham house si zelenski logra trump vea cosas resultado presidenciales estadounidenses podría ser regalo kremlin pesar lutsevych destacó frustración considerable kiev enfoque incrementalista biden esperanza cosas puedan cambiar favor ucrania si trump decide adoptar política mayor intervención manera repentina centro kiev opinión uniforme resultado elecciones eeuu ingeniero combate andriy años dice seguro presidencia trump cambie cosas brigada visto armas estadounidenses dice andriy pasó temporada frente cercano pueblo ahora kiev permiso recibir formación ucrania opción seguir luchando ayuda eeuu dice si hacemos destruidos borrados literalmente invasores rusos añade oksana mujer años pide aumente ayuda europa compensar podrían decírselo lectores afirma varios amigos muerto combates vasyl años contento victoria magnate republicano prometido guerra terminará dice vasyl calle nieto nikita años nikita jugador hockey hielo viene pasar temporada colorado familia simpatizantes trump vasyl dice confia trump llegue acuerdo paz putin rusia debería permitírsele control territorios ocupados cambio paz mejor pueblo muriendo dice rusia fuerza impedir cualquier contraataque efectivo abuelo nieto ponen acuerdo posibilidad ingreso ucrania otan adolescente dice rotundamente vasyl mantiene postura ambigua argumentando importante recuperación económica trump derrotada kamala harris representaban victoria clara ucrania escribe kiev post ex secretaria prensa zelenski iuliia mendel guerra constantemente erosionando mismos cimientos nación ucraniana escribe opinión alto fuego ofrezca ucrania posibilidad recuperarse puede ser mejor podemos aspirar corto plazo asesores trump esbozado posible acuerdo paz consistiría ceder rusia península crimea arrebatada moscú así regiones orientales ucrania bajo ocupación rusa congelando actual línea frente rusia controla torno territorio ucraniano momento entrevista mayo periódico británico the guardian zelenski dejó claro solución inaceptable tampoco dispuesto aceptar ultimátum rusia obligase ucrania abandonar integración europa futura pertenencia otan zelenski reconoció entonces si trump salía reelegido podría imponer país derrota militar ucrania manos desnudas armas podrá luchar ejército ruso multimillonario dijo trump convertirse presidente perdedor puede pasar dijo zelenski haciendo mención graves consecuencias victoria putin ucrania generaría posición unidos mundo así propio trump según matthew savill director ciencias militares centro estudios rusi probable ahora rusia haga valer ventaja numérica campo batalla voluntad trump llegar acuerdo probablemente rápido augura apoyo sostenido unidos especialmente presión ucrania ahora mismo dijo probable moscú propias exigencias cualquier posible negociación mediada trump rusia anexionó formalmente cuatro provincias ucranianas donetsk luhansk zaporiyia jersón si bien controla casi toda provincia luhansk dominio moscú tres solo parcial probable putin exija entrega ucrania significaría ceder ciudades clave zaporiyia jersón solo respondemos socios socias personas creen trabajo importa si lees habitualmente crees periodismo valores pedimos colaboración podamos seguir siendo independientes llevará menos minuto puedes hacerlo aquí cuotas van parezca cantidad pequeña sumada muchas personas hace posible personas pequeñas decisiones pueden hacer grandes posible periodismo independiente exigencias probables incluyen creación zona colchón exigencia reparaciones daños donbass ocupado rusia garantía neutralidad manteniendo ucrania otan condiciones inaceptables kiev mayoría ucranianos traducido francisco zárate,0.17058340801436275
Rusia insta a Occidente a aceptar la realidad en Ucrania y comenzar a negociar un arreglo,moscú nov efe secretario consejo seguridad rusia csr serguéi shoigú instó hoy occidente aceptar realidad terreno comenzar negociar ucrania clara alusión futura administración estadounidense tras victoria republicano donald trump elecciones presidenciales ahora situación teatro operaciones militares favorece régimen kiev occidente enfrenta disyuntiva continuar financiándolo matando población ucraniana reconocer realidades actuales comenzar negociar dijo shoigú reunión homólogos países postsoviética comunidad independientes cei según shoigú ministro defensa rusia mayo pasado incursión lanzada fuerzas ucranianas región kursk parte ocupan hoy objetivo captura central nuclear según informan agencias locales kiev denunciado últimos combates región fronteriza participan lado ruso soldados norcoreanos cuyo número estima extremo moscú confirmado desmentido continúan ataques central nuclear zaporiyia infraestructura energética si intento cometer actos terrorismo nuclear inquirió shoigú colegas cei agregó régimen kiev convertido ahora peligroso terrorista controlado exterior diferencia redes terroristas internacionales propia industria territorio secretario csr aseguró occidente lugar permitir ucrania desarrollarse pacíficamente solo saqueó manera desvergonzada sino medios intentaron convertirla arma asestarle derrota estratégica rusia plan fracasó enfatizó shoigú,0.12209833262450148
Rusia afirma haber causado más de 30.000 bajas al Ejército ucraniano en Kursk,moscú nov efe fuerzas rusas causado bajas ejército ucraniano región kursk parcialmente ocupada ucrania agosto pasado informó miércoles ministerio defensa rusia justo kiev denuncia tropas norcoreanas entrado combate zona total acciones bélicas sector kursk enemigo perdió militares indicó mando castrense parte guerra diario puntualizar fuerzas ucranianas perdieron efectivos última jornada ministerio defensa limitó aseverar continúan acciones ofensivas indicó última jornada repelidos cuatro contraataques enemigos cercanías localidades novoivanovka leonídovo presidente ucrania volodímir zelenski confirmó discurso nación pasada noche primeros combates tropas ucranianas soldados norcoreanos incorporado ejército ruso kursk primeros combates soldados corea norte abren nueva página inestabilidad mundo afirmó llamamiento comunidad internacional haga posible paso ruso expandir guerra fracase según ucrania aliados corea norte desplegado soldados territorio ruso presidente ruso vladímir putin dicho varias ocasiones moscú entablará negociaciones paz kiev expulsión soldados ucranianos kursk,0.134152544938989
La memoria del agua,barranco vuelve barranco decían padres padres viejos llenos sabiduría poblaban tierras hombre comenzara destruirlas hacer cometer atropellos conocemos lamentamos leían mensajes llegaban parte cada vez tierra levantaba castigaba consideraba culpables lloraban tales desatinos volvían predicar vez desastres naturaleza ofrecía castigo maltrataban hacían mensajes parábolas mitos leyendas contenían relato hechos consecuencias acababan siempre mensaje debía permanecer grabado historia humanidad ejemplo debía hacerse repitieran sucesos joven paseaba tierras lejanas procuraba aprender ancianos consejas quedaron grabadas libretas palabras encomiendas mismas hoy repiten amargura descendientes agua olvida decían agua memoria cierto conoce camino aprende aparta olvidamos antigüedad quedaron descritas publicadas barranqueras desbordamientos quedaron fotografiados caminos agua acostumbraba recorrer pesar ello incrédulos soberbios seguimos ignorando consejos lecciones agua daba recuerdo apenas seis años intentar cruzar puente comunicaba ciudad santa cruz palma parte casco viejo puente imaginación infantil semejaba medievales pues bien lado veías pararse gente atreverse cruzarlo aguas corrían debajo llegaban arriba misma cumbre parecía bajar aquel torrente desembocar mar ahí mismo ahí hoy ballena estrepitosa mentirijillas parece haber quedado varada desconcierto niños navegantes ahí llegaban precipitarse mar luego volví verlo correr vi venía lado ciudad bordeaba galeón encallado junto barranco nieves parte norte capital isla vi cómo llevaba delante maderas piedras animales hacían ruido parecía retumbar aire nadie recuerda nadie intentó cruzar barranco nieves aquella mañana pudimos siquiera ir escuela mayores hicieron retroceder encarnación planto dehesa evitarnos daño nadie vio conmigo recuerda ahora susto visión aterradora barranco lleno fango piedras troncos rotos árboles venía arrastrando cumbre pues recuerdo miedo estruendo sentada muro camino viendo aquel espectáculo cosa entonces recuerdo desconsuelo poder llegar quiosco alameda comprarme pirulines rojos allí vendían toda vida anduve pensando doña lola luego resultó sólo vendía pelo azul soñado blanco negro mezclaba edad describirlo cierto recordando caminos barrancos vuelvo agua ruido agua muertos agua puedo culparla culpa carga sino hombre construye casas rotura campos debería hacerlo ser humano infinita soberbia sigue pensando rodea pertenece puede sacrificarlo beneficio así recordamos libros cuentan abuelos narran mientras fuman pipa miran final horizonte cosas leemos reímos ancianos tribu libros dentro cabezas olvidan saben muchas cosas cree saber elsa lópez noviembre,0.08115243577119419
"Jorge Olcina, climatólogo: “Los trasvases no son la solución al agua en nuestro país”",planificación hidrológica país debe cambiar además puede depender lluvia escenario cambio climático planificación debe hacerse gestión demanda oferta continuada afirma jorge olcina catedrático análisis geográfico regional universidad alicante semana ofrecía conferencia toledo organizada cátedra tajo tras afirmar agua tierra territorio pasa sugiere adaptar cada territorio cambio climático creo trasvases solución problema agua país dice científico participado grupo intergubernamental expertos cambio climático ipcc va pasar trasvase pues verlo gestores políticos digo tener plan b cuanto disponibilidad agua advierte podemos esperar tener sistemas agrarios masivos consumos urbanos masivos aquí allí comentaba alusión mancha comunitat valenciana región murcia almería destinatarias agua trasvase caso región castellanomanchega través llamada tubería manchega jorge olcina presidente asociación geógrafos españoles age agua general dice conceptos estáticos años solo hacer cambios agricultura turismo adecuarlos recursos hídricos disponibles sino necesario uso recursos convencionales agua residual depurada colchón delante afirma particular ciudades medianas deberían obligadas usar cien cien aguas depuradas españa cambiado forma llover especialmente serranía ibérica cada vez menos frecuentes borrascas atlánticas solo reduce aportaciones cabecera tajo sino pone jaque cualquier sistema agrario urbano sostiene cada cinco años cambiar toda planificación agua territorial aunque último difícil cuenta ejemplo sequías cada vez cortas intensas gestores empezar pensar políticas sustitución compensación materia hídrica charla repasaba califica conceptos éticos agua respetan problemas refirió disputas crecientes líquido elemento vez criticaba forma depredadora consumir recursos naturales futuro realmente incierto conseguir seguridad hídrica concepto politizado realidad hablamos concepto lamentaba importante supone garantizar abastecimiento demandas catedrático pide evitar conflictos territorios cuenta agua aunque reconoce difícil lograr país ahora próximos años ahí haga ofrecimiento pasa conseguir ciencia presida proceso cree agua sigue siendo barata zonas españa problema damos valor apuesta desarrollar sistemas captación aguas pluviales regar labores baldeo calles hace barcelona alicante murcia ciudades españolas pierde anualmente media agua redes urbanas muestra contundente reclama sanciones especialmente ciudades destino turístico tampoco sabemos realmente consume agricultura españa contadores salvo excepciones aunque recordaba perte digitalización ciclo agua financiado fondos europeos buscará solucionarlo conferencia esquivó cuestión consecuencias última dana cree abordar políticas gestión riesgo formación conjunto población postura racionalidad españa construye forma intensa zonas inundables años reconoce problema serio oportunidad hacer cosas bien ejemplo revisando planes ordenación urbana anteriores estadios iniciales cambio climático situación va ir asegura científico cree empezar preparar territorio lluvias sequía escenario claro próximas décadas asegura tres cuatro países suponen emisiones nadie cumplido protocolos kioto parís sido sancionado calentamiento creciente ahora estadios iniciales aseveraba cuenta tercio emite atmósfera origen actividad humana conseguido alterar balance energético planeta lamentaba pesar informes años siglo xx alertaban deriva quedaron cajón mancha apostamos periodismo respete verdad contraste datos crítico plural necesitamos apoyes ser necesitamos edición local llevará menos minuto puedes hacerlo aquí cuotas van euro aportación pequeña importante cumplimos diez años queremos celebrar buen periodismo pesar contigo gracias ayudarnos posible periodismo independiente posturas negacionistas cambio climático claro podemos seguir negando evidente digo ámbito político sino ciencia trabajo datos temperaturas subido grados media época preindustrial jorge olcina refirió hecho primeros años siglo xxi sol activo durmiente embargo incrementado temperaturas tierra desacoplamiento sumar acción hombre,0.12133963330094263
Los Alcázares aúna esfuerzos para evitar que el agua llegue al Mar Menor,ayuntamiento alcázares busca reunir apoyos acometer pequeñas obras solucionen gran problema arrastres mar menor producen lluvias actualmente viendo arrastres producen registren grandes acumulados lluvia última vez hace tan solo días vimos cómo agua escorrentías cargada sedimentos limo llegaba mar menor apunta alcalde alcázares mario pérez cervera ayuntamiento alcázares consideran posible evitar cada vez llueva agua llegue localidad provocando solo problema medioambiental sino poniendo riesgo municipio alcázares tratar encontrar soluciones valorar diferentes medidas alcalde mario pérez cervera técnicos ayuntamiento alcázares visitado jueves zonas sensibles junto personal confederación hidrográfica segura independientemente presiones enfrentamos periodistas ahora nunca necesitamos edición local seguir informando avance ultraderecha desequilibrios económicos ecocidio mar menor llevará menos minuto puedes hacerlo aquí cuotas van parezca cantidad pequeña sumada muchas personas hace posible personas pequeñas decisiones pueden hacer grandes posible periodismo independiente además ayuntamiento alcázares estudiará fotos aéreas tomadas hace años fotos actuales comprobar modificado cauce natural ramblas años atrás provocado agua llegaba alcázares ahora llegue explica mario pérez cervera añadiendo exigirá ramblas lleguen llegaban inicialmente visita representantes confederación hidrográfica segura mostrado dispuestos aunar fuerzas colaborar buscar medidas eviten escorrentías requieran tediosos trámites burocráticos poder ponerlas marcha,0.10012767772221201
"El mapa de las reservas de agua en España: los datos, embalse por embalse",reservas agua aumentado tras dana total agua acumulada sitúa hectómetros última semana casi semana anterior reservas agua pantanos peninsulares capacidad según últimos datos boletín hidrológico semanal ministerio transición ecológica últimos datos nivel general embalses superan media reserva agua diez últimos años especialmente significativa subida ebro cuyas reservas superan capacidad puntos encima media histórica cuenca júcar reservas aumentado tan solo semana crecida similar cuenca guadalete barbate mediterránea andaluza subieron aunque siguen debajo media histórica datos incluyen volúmenes agua almacenados embalses peninsulares capacidad mayor hectómetros cúbicos equivalente consumo anual agua personas datos incluyen definitiva toda agua puede gestionar españa peor mejor años anteriores bastante mejor tres últimas temporadas escasez lluvia gestión agua dejó embalses vacíos siglo lluvias otoño superado media última década fechas embalses suelen capacidad siguiente gráfico puedes ver evolución reservas cada año hidrológico octubre septiembre embalses cada cuenca hidrográfica situación igual cada zona península lluvias otoño llenado embalses cuencas ebro tajo mientras zonas sur desembocan guadalquivir embalses siguen reservas bajas españa embalses repartidos territorio capacidad almacenar hectómetros cúbicos agua buena mala situación reserva cada presa siguiente mapa puede consultar cada pantano puedes filtrar ver solo embalses uso principal hidroeléctrico aunque pueden tener usos usan principalmente consumo tener cuenta embalses llenan misma manera misma estacionalidad razón comparamos situación actual cada embalse media última década mismas fechas ver cuáles mejor situación peor situación mapa dibuja situación desigual reservas agua territorio mientras cuencas centro norte península incluídos júcar encima capacidad embalses llenos media histórica andalucía cuencas mediterránea andaluza murcia segura reservas continúan debajo correspondería época año siguiente gráfico muestra porcentaje llenado actual cada cuenca comparación reservas datos última década tener cuenta situación actual cada cuenca depende solo escasez lluvia sino altas temperaturas evapotransporación demanda recursos hídricos regadíos usos urbanos industriales hacernos idea cómo factores influyen reservas comparamos imágenes satelitales embalse forata capacidad buseo reservas ambos cuenca júcar dónde lluvias acumulado tan solo semana tras paso dana trata imágenes nítidas satelitales disponibles hace año semanas previas dana largo mes octubre semana posterior situación embalses puede asimilarse vaso agua aunque corte grifo si agua bebe moderación reservas pueden mantenerse embargo corte continuado suministro falta lluvias principales factores influyen vaso cada vez vacío precisamente sequía meteorológica llega produce escasez continuada precipitaciones suele ser paso anterior escasez agua faltan reservas consumo humano agricultura cómo precipitaciones lloviendo año españa según últimos datos aemet siendo temporada húmeda habitual comparación año seco reciente lluvias dejado mucha agua territorio peninsular concreto lluvias octubre hecho nuevo año hidrológico empiece mucha acumulación agua habitual paso dana cuenca júcar precipitaciones octubre casi triplicado acumulan media mes guadalquivir ebro lluvias duplican registros históricos general primera vez meses ninguna cuenca registre menos lluvia media tocaría época año llueva llueva única causante embalses menos llenos gestión demanda agua consumo humano clave abastecimiento urbano doméstico turístico municipal regadíos ganadería industria usos recreativos riego campos golf tener cuenta generación electricidad uso consuntivo agua consume mientras utiliza producir energía sino normalmente acaba siguiente embalse puede ser empleada usos agrícolas urbanos etc continuación muestra distribución demanda agua distintas confederaciones hidrográficas ch actualmente cifras provienen estimaciones disponibles planes hidrológicos cada ch ciclo datos hacen referencia escenario actual muestran principal demanda agua consumo agricultura españa utilizan consumo humano hectómetros cúbicos agua según datos recopilados cada cuenca hidrográfica tal observa gráfico anterior gran mayoría destinan agricultura ganadería uso urbano uso industrial uso recreativo información utilizado cifras publicadas boletín hidrológico ministerio transición ecológica publicación actualiza semanalmente datos mandan confederaciones hidrográficas comunidades autónomas cuencas intracomunitarias agencia estatal meteorología red eléctrica españa concreto usan datos reservas hídricas última semana hectómetros cúbicos totales porcentaje respecto capacidad total sistema engloba volúmenes embalses peninsulares capacidad mayor consensuado indicadores usados tras entrevistas expertos ministerio transición ecológica julia martínez directora técnica fundación nueva cultura agua embalses llenan misma manera misma estacionalidad comparamos datos promedio última década misma semana errores evidentes datos históricos sido corregidos medio cifras volumen agua embalses estimadas presas pueden haber acumulado sedimentos disminuyen capacidad real pantano aun así periódicamente realizan batimetrías pantanos corregir cifras capacidad cada embalse cifras gobierno clasifican embalses uso principal hidroeléctrico pueden tener usos usan principalmente consumo tener cuenta generación energía hidroeléctrica uso consuntivo decir gasta generar energía sino normalmente agua recoge siguiente embalse además usan cifras precipitaciones provienen agencia estatal meteorología aemet datos clasifican según año hidrológico periodo meses octubre septiembre año siguiente largo miden precipitaciones determinada cuenca hidrográfica conocer cómo reparte consumo agua españa revisado apartados usos demandas agua cuencas hidrográficas península cada cuenca hidrográfica detalla cantidad hectómetros cúbicos agua destinada uso agrario industrial urbano recreativo demandas cubren agua acumulada embalses llega trasvases genera desaladoras aguas subterráneas llega reutilización aguas residuales,0.10168928233191951
La bomba ambiental de los 100.000 coches destruidos por la DANA: peligro de contaminar suelos y aguas subterráneas,sedaví utiel paiporta catarroja aldaia municipios afectados dana prioridad drenar lodo todavía calles limpiar casas arrasadas agua esfuerzos puestos vecinos recuperen normalidad repite ricardo gabaldón alcalde utiel reconstrucción pueblo tareas incluyen retirar toneladas residuos enseres electrodomésticos acumuladas casi todas esquinas miles coches siniestrados catástrofe consorcio compensación seguros empresa pública abona deterioros producidos causa fenómenos naturales extremos recibió solo ocho días solicitudes vehículos sufrido daños según informado jueves director josé antonio fernández entidad calcula todavía faltan expedientes abrirse cifra podría rondar unidades según proyección oficial evaluación preliminar peritos terreno desprende mayoría casos tramitará siniestro coste reparación excede valor porcentaje alto número final terminará desguaces chatarra pronto generalitat habilitado instalaciones hacer acopio enorme cantidad automóviles zona actividad logística zal puerto valencia circuit ricardo tormo cheste primeros llegar dos recintos sido recuperado carreteras según primer parte ejecutivo autonómico autos grúas cargan diario ciudades afectadas acumulan momento solares descampados habilitados ayuntamientos forma temporal espera confeccione calendario traslados miles coches deberían ir centros autorizados tratamiento desguaces habilitados dgt problema imposible tejido gestión actual pueda asumir súbita cantidad explica fernando follos consultor empresas gestoras residuos destino final automóviles centros gestionaron total vehículos hablando aproximadamente quinta parte gestión anual desafío logístico enorme agrega especialista carlos arribas responsable área residuos ecologistas acción coches siniestrados representan mayor riesgo ambiental miles toneladas desechos dejarán inundaciones centros autorizados tratamiento explica primera operación hace descontaminación extracción almacenamiento fluidos elementos peligrosos vehículos combustible aceite motor líquido anticongelante refrigerante radiador líquidos freno embrague sustancias naves disponen pavimento impermeable sistema recogida derrames finalizada tarea líquidos introducen contenedores entregan gestores residuos peligrosos correcta gestión ambiental importante coches lleven centros autorizados tratamiento recojan restos peligrosos recuperen materiales ser así terminan vertederos chatarrerías autorizadas quedan tiempo abandonados descampados solares impacto ambiental puede ser importante advierte arribas contaminación aguas subterráneas mayores peligros escenario saturación sistema incide arribas muchísimos coches ahí magnitud problema riesgo toda enorme cantidad fluidos peligrosos aceites combustibles filtre suelos termine contaminando aguas subterráneas detalla portavoz ecologistas acción ejemplo motores combustión llevan cuatro seis litros aceite coches siniestrados equivaldrían gestión litros líquido contaminante tan importante administraciones vigilen eliminación haga forma ilegal insiste organización constató manchas aceite combustibles albufera coches arrastrados humedal vertido sido imposible evitar repito necesario residuos peligrosos coches siniestrados separen traten centros autorizados semana generalitat autorizado traslado lodos residuos voluminosos varias canteras provincia valencia conselleria medio ambiente infraestructuras territorio reconocido vertederos depósitos autorizados capacidad absorber materiales acumulan calles municipios afectados inundaciones además dirección general calidad educación ambiental autorizado vertederos residuos peligrosos toda comunidad recibir camiones necesidad tratamiento previo restricciones capacidad exención impuestos ahora meses ballena blanca sólo recibe última revista especial calor casa verano ver pack ballena blanca medidas follos aclara primer lugar catástrofe sufrido valencia lleva siempre asociado desastre ecológico gigantes proporciones generación escombros vehículos restos voluminosos brutal realidad medios gestionarlo dana tema agenda política salga luz problema ambiental oculto tipo gestión problema serio canteras vertederos creados enterrar residuo debidamente habilitados aislados comiencen generar lixiviados infiltren suelos afecten aguas subterráneas superficiales tarde actuar concluye,0.08289703051824786
Estados Unidos abrirá sus fronteras para importar aguacate Hass desde Guatemala,ciudad guatemala nov efe unidos oficializó apertura fronteras importación aguacate variedad hass guatemalteco meta hace años según informaron jueves diversas fuentes decisión representa avance significativo sector agrícola guatemalteco indicó gobierno país centroamericano comunicado prensa parte embajada estadounidense guatemala explicó importación aguacate hass meta hace años finalmente pudo ser cumplida aval confirmado jueves manera oficial departamento agricultura unidos acuerdo misma fuente decisión abre nuevas oportunidades agricultores guatemaltecos mercados grandes competitivos mundo aseveró administración preside bernardo arévalo león igual forma representación consular estadounidense calcula primer año exportaciones guatemala podría venderle alrededor millones dólares concepto aguacate variedad hass doble nación centroamericana envió exterior total mismo proyección señala guatemala podría vender alrededor millones dólares anuales mercado estadounidense misma fruta gobierno arévalo león resaltó autorización exportación unidos posible enviar mismo producto países suramérica solicitan requisitos parecidos ingreso decisión unidos celebrada asociación exportadores guatemala recordó nota prensa esfuerzos ingresar mercado estadounidense empezaron inicio siglo actualmente principales compradores aguacate guatemalteco honduras países bajos reino unido salvador base datos oficiales ministerio agricultura,0.08515368310057303
Los bomberos hayan en Catarroja el cadáver de un hombre que fue arrastrado por el agua,valència nov efe bomberos encontrado jueves tarde nueve días después inundaciones causadas dana provincia valencia cuerpo vida hombre catarroja valencia arrastrado agua según indicado efe fuentes consorcio provincial bomberos valencia cadáver sido encontrado cañas lodo maleza zona campos cerca parque barraques localidad catarroja aunque zona cercana albal dispositivo bomberos localizado cadáver contaba apoyo perros especializados búsqueda personas fallecidas rastreando zonas afectadas hace días casi bomberos organismos toda españa llevan cabo terreno búsquedas posibles víctimas mortales causa dana provincia valencia,0.09157142949455506
Fallece un hombre tras ser rescatado del agua en parada cardiorrespiratoria en la playa de Costa Calma,hombre fallecido viernes tras ser rescatado agua parada cardiorespiratoria playa costa calma municipio majorero pájara centro coordinador emergencias seguridad cecoes gobierno canarias recibía cerca horas alerta informando socorrista rescatado bañista mar parada cardiorrespiratoria realizando maniobras reanimación personal servicio urgencias canario suc llegada lugar incidente continuó maniobras reanimación estadio avanzado obtener resultado confirmando fallecimiento afectado canarias ahora podemos atestiguar lawfare existe vivimos cerca informamos detalle cómo exministro josé manuel soria pp exjuez salvador alba conspiraron acabar carrera política profesional magistrada victoria rosell podemos volvemos vivir ahora intento alba vengarse persona director periódico carlos sosa tras haber sido descubierto juzgado condenado tres delitos graves puede cometer juez cohecho prevaricación falsedad documento judicial seis años medio prisión ayuda jueza madrid desoído incluso ministerio fiscal alba conseguido carlos sosa banquillo responder petición años prisión indemnización euros simplemente haber informado rigor delitos trapisondas eludir acción periodismo riguroso mordazas necesita nunca apoya periodismo independiente apoya canarias ahora guardia civil instruyó diligencias correspondientes efectivos policía local colaboraron resto recursos,0.07789932853192832
Avistan por primera vez un tiburón blanco en aguas ecuatorianas cercanas a Galápagos,quito nov efe investigadores fundación charles darwin fcd parque nacional galápagos informaron primer registro confirmado tiburón blanco carcharodon carcharias aguas ecuatorianas avistamiento histórico producido noventa kilómetros isla wolf forma parte archipiélago galápagos trata hallazgo inusual región pacífico tropical presencia tiburones blancos localidades sur costas méxico excepcionalmente rara indicó fcd jueves comunicado avistamiento lugar noviembre bordo barco atunero industrial tripulante estudio documenta encuentro sergio zanchi observó tiburón blanco hembra adulto fundación explicó presencia especie zona presuntamente relacionada condiciones oceanográficas resultantes niña evento climático aguas pacífico inusualmente frías favorecido migración individuo hacia aguas ecuatorianas pelayo autor principal estudio comentó contar presencia transitoria animales formidables surcan océanos especie clave salud ecosistemas marinos motivo celebración biodiversidad país parte jenifer suárez directora ecosistemas parque nacional galápagos artículo científico calificó primer registro confirmado tiburón blanco aguas ecuatorianas hallazgo significativo investigación conservación marina además suárez recordó valor reservas marinas galápagos hermandad refugios esenciales biodiversidad especialmente depredadores cumplen rol fundamental equilibrio ecosistemas marinos galápagos presencia tiburones indicador clave salud entorno marino anotó fundación explicó lejos ser amenaza personas depredadores contribuyen manera esencial equilibrio oceánico tiburón blanco especie habita comúnmente aguas frías templadas sudáfrica australia costa pacífica california méxico atlántico norte indicó fundación rol especie crucial mantener equilibrio ecosistemas marinos pues ayuda prevenir sobrepoblación mantener condición saludable especies alimenta tiburón blanco catalogado vulnerable unión internacional conservación naturaleza uicn enfrenta graves amenazas pesca incidental caza furtiva venta mandíbulas aletas pérdida hábitat disminución fuentes alimento archipiélago galápagos situado mil kilómetros costas continentales ecuatorianas conocido rica biodiversidad declarado patrimonio natural humanidad unesco,0.07237347217553912
Se licitan las obras del puente El Hierro en Valdepeñas que facilitarán la evacuación de agua en caso de DANA,alcalde valdepeñas jesús martín anunciado hoy licitado obras ampliar ojo puente hierro valdepeñas dar salida mayor volumen agua caso avenida edil congratulado noticia visita obras mejora accesibilidad adif llevando cabo estación ferrocarril valdepeñas sumarán conjunto inversión euros alcalde recordado proyecto puente inició hace ocho años objetivo ampliar ojo infraestructura atraviesa canal fin agua retorne caso dana municipio ojo puente achicaba altura metro anchura dos hacía efecto embudo agua podía salir velocidad llegaba explicado martín ayuntamiento puesto disposición adif ocupación terrenos ver si año viene quitamos punto negro viendo ocurrido valencia comprenderán sensibilidad hablando explica subdelegado gobierno david broceño visitaba obras destacado relevancia valdepeñas provincia ciudad real objetivo mejorar estación reforzar estructura puente ferroviario ciudad unas obras importantes solo van mejorar accesibilidad viajeros sino poner foco seguridad trascendencia destacar inversión ferroviaria euros aquí valdepeñas visto graves problemas última dana creo infraestructura mayor importancia refuerzo puente ferroviario valdepeñas inversión euros euros sólo buscan mejorar estructura perspectiva resiliencia conservación patrimonial sino garantizar infraestructura pueda resistir manera segura fenómenos meteorológicos severos instalación contrafuertes refuerzo pilas apoyo consolidación lecho río medidas aseguran puente data mantenga integridad estructural incluso condiciones extremas lado obras mejora accesibilidad estación ferrocarril valdepeñas cuenta inversión euros actuaciones concluirán principios buscan transformar estación espacio accesible seguro funcional usuarios mancha apostamos periodismo respete verdad contraste datos crítico plural necesitamos apoyes ser necesitamos edición local llevará menos minuto puedes hacerlo aquí cuotas van euro aportación pequeña importante cumplimos diez años queremos celebrar buen periodismo pesar contigo gracias ayudarnos posible periodismo independiente visita responsables destacaron importancia obras eliminan actual paso andenes caucho antideslizante reemplazan paso subterráneo accesos mediante rampas escaleras además marquesinas embocaduras infraestructura mejorará significativamente accesibilidad todas personas especialmente aquellas movilidad reducida actuaciones principales reforma incluyen recrecido ampliación andenes instalación nuevas luminarias pavimentos seguridad implementación sistema videovigilancia estación contará además iluminación emergencia mejoras sistema megafonía adecuación barandillas escaleras,0.08878755566727697
